IDALOJAMIENTO,DIRECCION,VALORADMIN,AMOBLADO
10261,7 Ridgeview Place,295611,N
10262,0116 Rieder Avenue,304897,Y
10263,8025 Monica Pass,544983,Y
10264,13 Walton Road,408879,Y
10265,557 Monument Way,424478,N
10266,19 Thackeray Court,341704,Y
10267,081 Welch Place,38801,Y
10268,109 Susan Center,561669,N
10269,369 Evergreen Park,122777,N
10270,29191 Hollow Ridge Hill,401574,N
10271,7 Northridge Point,208596,N
10272,577 Elgar Court,177303,Y
10273,32 Fulton Hill,541375,N
10274,13560 Monica Parkway,49221,N
10275,3562 Novick Alley,590262,N
10276,51 Loomis Circle,52815,N
10277,3 Commercial Alley,246726,Y
10278,746 Randy Circle,477650,N
10279,2990 Moland Center,481937,Y
10280,14 7th Road,598141,N
10281,10277 Brentwood Point,207175,N
10282,612 Gulseth Trail,15181,Y
10283,4509 Coleman Road,253835,Y
10284,3133 Old Shore Terrace,57132,Y
10285,37118 Reindahl Parkway,382308,N
10286,9 1st Avenue,577867,N
10287,5762 Superior Hill,510697,N
10288,3 Hollow Ridge Junction,774,Y
10289,71 Forest Run Point,275674,N
10290,02 Towne Circle,157239,N
10291,689 Briar Crest Lane,334171,Y
10292,122 Briar Crest Center,370179,Y
10293,00 Nancy Drive,393897,N
10294,3 Debs Circle,311473,N
10295,3 Dovetail Place,62239,N
10296,9029 Meadow Vale Park,175512,Y
10297,3 Acker Way,434744,Y
10298,3 Monument Pass,554889,Y
10299,0013 Columbus Park,379323,Y
10300,37 Bunker Hill Center,5730,N
10301,2090 Morrow Drive,231353,Y
10302,6231 Daystar Plaza,161839,N
10303,714 Kensington Alley,580909,Y
10304,5759 Hermina Junction,153620,N
10305,37 Stoughton Alley,193862,N
10306,4705 Northwestern Trail,168521,Y
10307,838 Clarendon Place,375102,Y
10308,4 Forest Run Pass,176804,Y
10309,12 Arrowood Parkway,48263,Y
10310,863 Caliangt Hill,87755,Y
10311,04858 Fisk Place,526995,Y
10312,567 Susan Circle,52253,N
10313,11 Huxley Plaza,576025,N
10314,5056 Delladonna Junction,529029,N
10315,480 Clyde Gallagher Terrace,222998,N
10316,91338 Pine View Terrace,471628,N
10317,596 Annamark Road,168931,N
10318,10 Donald Parkway,73076,Y
10319,1613 Oak Valley Park,532458,N
10320,02 Waxwing Trail,300452,N
10321,8 Butterfield Park,522349,N
10322,4945 Longview Crossing,482488,Y
10323,67529 Bartillon Crossing,569498,N
10324,385 Alpine Center,54232,N
10325,05 Swallow Parkway,578305,Y
10326,7 Toban Alley,39622,N
10327,73774 Northview Road,370583,N
10328,65346 Doe Crossing Terrace,49794,N
10329,762 6th Circle,499130,Y
10330,5 Crescent Oaks Avenue,539938,Y
10331,9 Golden Leaf Circle,581373,N
10332,55285 Vidon Terrace,238178,N
10333,85 Moulton Circle,595582,N
10334,437 Oriole Plaza,431573,N
10335,952 Walton Pass,174110,Y
10336,240 Lerdahl Park,34857,N
10337,28920 Little Fleur Center,571120,Y
10338,2858 Mcbride Parkway,291878,N
10339,27975 Hermina Point,47150,Y
10340,2 Grasskamp Hill,506438,N
10341,01 Trailsway Hill,302656,Y
10342,91976 East Parkway,271335,Y
10343,94 Brickson Park Circle,590706,Y
10344,57 Portage Pass,75654,Y
10345,6 Judy Circle,442054,N
10346,6 Loftsgordon Center,205861,N
10347,15 Roxbury Parkway,207742,Y
10348,640 Everett Way,32375,Y
10349,2881 Blue Bill Park Place,344132,Y
10350,972 Superior Avenue,333088,N
10351,7 Reindahl Road,208485,Y
10352,91 Briar Crest Way,436252,N
10353,681 Mayfield Crossing,18815,Y
10354,411 Arapahoe Terrace,490872,Y
10355,0425 Northland Pass,61837,Y
10356,584 Dunning Hill,524844,N
10357,593 North Court,475399,Y
10358,8 Continental Court,394299,N
10359,6429 Marcy Alley,431374,N
10360,671 Dexter Trail,104106,N
10361,0 Hauk Trail,336244,Y
10362,5320 Independence Terrace,260000,N
10363,161 Mariners Cove Avenue,50097,Y
10364,7 Riverside Terrace,2299,Y
10365,683 Mockingbird Crossing,28373,N
10366,3400 Main Street,237900,Y
10367,9313 Troy Street,412379,Y
10368,4 Eliot Center,162039,N
10369,94138 High Crossing Avenue,158614,N
10370,62100 Barby Park,207355,N
10371,081 Dayton Circle,399981,N
10372,3 American Center,216405,N
10373,637 Anniversary Plaza,48772,Y
10374,75 Stuart Terrace,298294,N
10375,945 Butternut Terrace,227042,N
10376,03 Delladonna Plaza,50288,N
10377,7 Grayhawk Hill,21665,N
10378,2709 Waubesa Road,314075,Y
10379,31393 American Plaza,221907,N
10380,75 Blaine Center,35098,Y
10381,17 Trailsway Junction,583271,Y
10382,34761 Karstens Drive,112021,N
10383,32561 West Alley,181411,Y
10384,030 Bartillon Circle,125934,Y
10385,4513 Arapahoe Way,406640,N
10386,08316 Twin Pines Parkway,545490,Y
10387,79 Talmadge Point,151413,N
10388,6579 Union Alley,542455,Y
10389,0 Grasskamp Crossing,55779,Y
10390,344 Holy Cross Park,1917,Y
10391,43229 Tony Center,493777,N
10392,610 Oriole Crossing,266008,Y
10393,51723 Scofield Avenue,494798,Y
10394,417 Montana Park,528850,Y
10395,329 Donald Park,399165,N
10396,5579 Bluejay Drive,35494,N
10397,43885 Hayes Court,572258,N
10398,92 Darwin Plaza,144606,Y
10399,9 Hallows Way,534081,N
10400,52 Onsgard Lane,522416,Y
10401,493 Lunder Court,593390,Y
10402,21 Colorado Crossing,464815,N
10403,457 Warner Point,460360,Y
10404,951 Coolidge Center,441769,N
10405,7 Almo Crossing,276559,Y
10406,0757 Ridge Oak Way,438956,Y
10407,339 Randy Junction,187301,Y
10408,06917 Bluejay Lane,40952,N
10409,25 Clarendon Alley,578705,Y
10410,58 Pankratz Avenue,503972,N
10411,0 Ramsey Center,208749,Y
10412,916 Myrtle Point,313845,Y
10413,672 Meadow Vale Terrace,484698,Y
10414,66448 Briar Crest Junction,127229,N
10415,6 Hanson Terrace,24199,Y
10416,2 Oneill Trail,456675,N
10417,11639 1st Hill,309585,Y
10418,2215 7th Terrace,416112,Y
10419,09621 Express Drive,115355,N
10420,88643 Luster Trail,548890,N
10421,590 Farwell Parkway,412442,Y
10422,0811 Lotheville Road,239669,N
10423,4 Killdeer Way,180637,N
10424,98455 Daystar Hill,496985,Y
10425,4 Melrose Trail,357016,N
10426,65614 Anthes Road,40782,N
10427,3635 Merchant Park,522449,Y
10428,37 Veith Trail,55703,Y
10429,161 Macpherson Junction,469506,Y
10430,371 Dennis Terrace,517853,Y
10431,0 Crownhardt Pass,177833,N
10432,23434 Golf View Hill,158186,N
10433,95913 Hovde Court,253362,Y
10434,5602 Portage Alley,379367,N
10435,4309 Macpherson Junction,561268,N
10436,9578 Northport Junction,409962,Y
10437,6 Service Parkway,133210,N
10438,1025 Mayer Court,527948,Y
10439,0 Heath Plaza,412874,N
10440,320 Bay Drive,218693,N
10441,96 American Ash Place,78080,N
10442,245 Prairieview Alley,311005,N
10443,4 Shasta Hill,288269,Y
10444,22 Raven Hill,115398,Y
10445,56349 Thackeray Crossing,229471,Y
10446,7736 Truax Pass,257104,Y
10447,6 Morrow Lane,566133,Y
10448,6 Reindahl Hill,61912,Y
10449,16505 Express Circle,202563,N
10450,7 Fairview Plaza,512053,N
10451,7378 Arrowood Pass,160810,N
10452,3783 Pond Pass,145421,N
10453,2517 6th Parkway,582360,Y
10454,84 Bunting Drive,587711,Y
10455,2 Canary Court,548931,N
10456,2 Summerview Way,298085,Y
10457,23297 Londonderry Circle,236354,Y
10458,1582 Fieldstone Road,575679,Y
10459,78124 Haas Junction,566963,N
10460,10696 Forest Run Way,221046,Y
10461,9 Porter Lane,454888,N
10462,1 High Crossing Alley,538762,N
10463,81 Nova Center,516174,Y
10464,899 Glendale Terrace,222103,N
10465,480 Huxley Drive,203416,Y
10466,3 Spenser Alley,530767,Y
10467,1 Lillian Road,28526,Y
10468,9190 Mockingbird Crossing,58064,Y
10469,890 Sunbrook Lane,480628,N
10470,30557 Sommers Drive,120856,N
10471,758 Banding Street,264231,N
10472,529 Buena Vista Crossing,447822,N
10473,746 Hovde Pass,290278,N
10474,69 David Trail,41215,Y
10475,08633 Tony Center,459739,Y
10476,00 Nelson Junction,198727,N
10477,5206 Haas Park,304049,N
10478,664 Sachs Crossing,219648,Y
10479,40621 Elmside Street,462101,Y
10480,420 Paget Park,269172,N
10481,16901 Village Green Trail,263173,Y
10482,3 Thackeray Place,467499,Y
10483,160 Dexter Crossing,408566,N
10484,4 Michigan Lane,34723,N
10485,5 Arrowood Road,324829,Y
10486,0147 Sunnyside Junction,243803,N
10487,211 Park Meadow Park,366030,Y
10488,0 Blackbird Crossing,513861,N
10489,8131 Dottie Junction,452907,Y
10490,9799 Elka Junction,410692,Y
10491,91 Debs Center,164471,Y
10492,99 Cascade Alley,447844,Y
10493,54 Blaine Hill,142315,Y
10494,21 Upham Lane,53139,N
10495,72317 Jenifer Center,524151,Y
10496,0094 Garrison Street,414220,Y
10497,32 Service Crossing,25743,N
10498,1 Ridgeview Place,248163,Y
10499,9630 Red Cloud Hill,334317,Y
10500,9864 Lawn Court,319314,N
10501,0 Blue Bill Park Plaza,201656,N
10502,8 Jenna Drive,189729,N
10503,7 Sugar Plaza,442788,Y
10504,28 Forest Dale Court,364511,N
10505,513 Tennyson Pass,264263,Y
10506,4 Ryan Drive,409160,Y
10507,792 Transport Point,593226,Y
10508,70 Lukken Lane,25210,N
10509,6 Melrose Crossing,164138,Y
10510,244 Stone Corner Park,460183,N
10511,568 Susan Alley,253328,Y
10512,1 Stuart Drive,307355,N
10513,94 5th Court,31293,N
10514,35111 Corry Drive,499970,Y
10515,21159 Hooker Junction,52035,N
10516,6867 Luster Trail,257847,Y
10517,512 Morningstar Junction,316091,Y
10518,772 Corben Circle,86437,Y
10519,93915 Reindahl Parkway,153653,N
10520,2 Birchwood Parkway,360872,Y
10521,61204 Fieldstone Trail,87637,N
10522,27 Eastwood Point,497586,N
10523,7385 Lindbergh Street,420184,Y
10524,48076 Graceland Court,249883,Y
10525,4 Twin Pines Road,435224,Y
10526,311 Pankratz Alley,316147,Y
10527,721 Debs Street,159154,Y
10528,48221 Stuart Park,184229,N
10529,23 Anhalt Pass,210091,N
10530,635 Lunder Junction,119651,N
10531,965 Rockefeller Way,497290,N
10532,157 Roth Alley,156471,N
10533,69 Cambridge Junction,167285,Y
10534,921 Shoshone Way,390180,N
10535,2888 Carpenter Park,290974,N
10536,7 Golf Course Avenue,402106,Y
10537,29 Manitowish Plaza,339184,N
10538,2705 Almo Drive,447986,Y
10539,20708 Warbler Circle,251619,Y
10540,2320 Northport Pass,155256,Y
10541,22966 Nevada Junction,37135,N
10542,238 Roth Point,261462,N
10543,9285 Eastwood Court,548233,N
10544,2 Heffernan Plaza,399934,Y
10545,44 Kipling Place,446816,N
10546,5 Sachtjen Junction,342673,Y
10547,15133 North Avenue,316425,N
10548,0 Manitowish Drive,333489,Y
10549,158 Nova Place,517466,N
10550,82 Rowland Drive,389177,Y
10551,8900 Marcy Circle,473479,N
10552,82149 Blue Bill Park Trail,500777,Y
10553,0 Spenser Alley,575167,Y
10554,84470 Nevada Plaza,9880,N
10555,6 Waywood Park,404155,Y
10556,05 Cascade Park,4938,Y
10557,900 Farmco Crossing,52676,N
10558,983 Bashford Avenue,250745,Y
10559,66075 Loomis Parkway,62450,N
10560,13274 Hooker Court,48295,N
10561,93966 Michigan Point,133628,Y
10562,00439 Fisk Terrace,198499,Y
10563,00935 Atwood Road,164632,Y
10564,46 Crownhardt Place,228127,N
10565,6 Tennyson Hill,117042,Y
10566,752 Carpenter Crossing,144009,Y
10567,19 Aberg Point,258620,Y
10568,09569 Pawling Lane,246579,Y
10569,823 Cambridge Crossing,151098,N
10570,1 Declaration Pass,429762,N
10571,96 Clarendon Lane,567228,Y
10572,47 Tennessee Trail,477907,N
10573,1 Caliangt Park,141263,N
10574,92 Acker Terrace,576006,N
10575,821 Division Avenue,295450,N
10576,10466 Sutherland Crossing,367332,N
10577,5 Dakota Plaza,210458,N
10578,6 Barnett Pass,370597,N
10579,7986 Jenifer Terrace,166003,N
10580,60 Kingsford Circle,581023,N
10581,1097 Pierstorff Court,242575,Y
10582,1 Pearson Terrace,418002,N
10583,692 Tomscot Lane,429298,N
10584,369 Commercial Trail,126893,N
10585,3322 Summer Ridge Street,508037,Y
10586,88 Springs Junction,189036,N
10587,56188 Waxwing Avenue,512734,Y
10588,11 Kingsford Junction,31519,Y
10589,159 Sutherland Lane,99677,Y
10590,84833 Huxley Plaza,293915,N
10591,7962 6th Terrace,248019,Y
10592,2305 Memorial Road,464736,Y
10593,56 Darwin Lane,74463,N
10594,3196 Hollow Ridge Center,534916,Y
10595,75709 Buell Circle,2770,N
10596,2916 Erie Street,34880,N
10597,50 Jenna Plaza,221225,Y
10598,74 Gateway Lane,570604,N
10599,43511 Myrtle Drive,591492,Y
10600,4075 Dottie Crossing,96725,Y
10601,8 Nancy Terrace,437003,N
10602,7354 Truax Lane,45827,N
10603,955 Forster Circle,366093,Y
10604,2114 Marcy Terrace,298673,N
10605,945 Vera Parkway,464387,N
10606,53105 Haas Hill,493709,N
10607,3904 New Castle Road,443767,Y
10608,423 Elgar Road,83734,N
10609,07795 Pawling Avenue,579949,N
10610,61576 Clove Way,539746,N
10611,913 Ronald Regan Trail,259880,N
10612,4565 Thackeray Avenue,448453,N
10613,26751 Crescent Oaks Court,304627,N
10614,478 Oxford Crossing,42964,N
10615,4766 Oriole Junction,166295,N
10616,3078 Oneill Terrace,357084,N
10617,0397 5th Lane,159207,Y
10618,5 Center Crossing,24572,Y
10619,0214 Parkside Drive,31764,N
10620,757 Elmside Trail,507044,N
10621,1175 Thackeray Center,537416,N
10622,15 Lerdahl Trail,227599,N
10623,4 Sauthoff Pass,311,N
10624,0254 Luster Park,433724,Y
10625,01 Mayfield Crossing,51043,N
10626,3100 Golden Leaf Street,475336,N
10627,481 6th Place,65728,N
10628,3961 Division Parkway,589013,N
10629,99016 Stone Corner Park,115784,N
10630,17 Springview Drive,456318,Y
10631,4 Riverside Drive,266833,Y
10632,698 East Court,40529,Y
10633,60813 Oak Valley Road,272432,N
10634,870 Magdeline Trail,82801,Y
10635,0 Pawling Street,251946,N
10636,62544 Welch Hill,83555,Y
10637,7 Sunfield Way,224197,N
10638,7755 Bonner Road,597635,Y
10639,66155 Lakewood Way,308930,Y
10640,0 Caliangt Alley,111234,N
10641,9024 Vermont Hill,181467,N
10642,3045 Lakewood Street,526124,Y
10643,6 Milwaukee Alley,388161,N
10644,483 Oak Crossing,129954,N
10645,1 Messerschmidt Junction,342175,N
10646,6 Arkansas Trail,245211,Y
10647,88708 Kingsford Pass,77439,Y
10648,45 Norway Maple Lane,572072,N
10649,66 Karstens Court,55957,N
10650,45 Delladonna Hill,40204,N
10651,79 Ridgeway Way,129964,N
10652,5016 Alpine Terrace,450287,Y
10653,21 Goodland Plaza,437990,N
10654,6 Moland Road,354232,Y
10655,6 Mallory Hill,213425,Y
10656,84 Merchant Alley,128809,Y
10657,56 Calypso Center,396126,Y
10658,5 Kim Place,202074,N
10659,9 2nd Junction,380370,N
10660,96 Hauk Way,311028,N
10661,8507 Brown Crossing,221825,N
10662,1 Barnett Center,291740,Y
10663,0 Myrtle Lane,537051,N
10664,7 Lake View Street,563469,Y
10665,68 Bellgrove Plaza,560697,N
10666,307 Grasskamp Street,329194,N
10667,132 Eagle Crest Way,120447,N
10668,97892 Bunker Hill Hill,520158,N
10669,4348 Chinook Court,501584,Y
10670,3649 Schurz Crossing,564087,Y
10671,3266 Moose Lane,449899,N
10672,7468 1st Court,544262,Y
10673,5718 Pleasure Park,595315,N
10674,090 Waywood Place,564035,N
10675,53 Di Loreto Drive,507443,N
10676,0406 Mosinee Street,203674,Y
10677,486 Susan Street,230343,Y
10678,58084 Loomis Plaza,16478,N
10679,07 Texas Way,528509,Y
10680,721 Banding Plaza,306995,N
10681,4 3rd Terrace,572716,N
10682,0774 Raven Junction,368220,N
10683,088 Loeprich Trail,352896,Y
10684,06235 Boyd Place,183226,N
10685,0 Sachs Pass,186312,N
10686,21871 Northfield Pass,558447,N
10687,0 Troy Parkway,530934,Y
10688,02417 Rutledge Junction,24370,Y
10689,53 Lotheville Plaza,516388,N
10690,1202 Cascade Alley,56614,Y
10691,3413 Bunker Hill Alley,78777,N
10692,0762 International Circle,346569,Y
10693,22 Wayridge Place,387864,Y
10694,1329 Westport Road,205439,N
10695,2 Clove Lane,324546,N
10696,8 Kings Parkway,195748,N
10697,3655 Merchant Parkway,420608,Y
10698,1254 Doe Crossing Place,155806,N
10699,0525 Texas Crossing,107031,N
10700,907 Sycamore Junction,156578,Y
10701,7877 Pierstorff Avenue,309565,N
10702,719 Almo Lane,492172,Y
10703,85109 Oneill Street,459697,N
10704,3782 Fisk Circle,56947,N
10705,32394 Di Loreto Trail,465126,N
10706,0919 Texas Point,439130,Y
10707,4176 Muir Place,388060,Y
10708,63 Green Ridge Drive,40677,Y
10709,0 Maywood Terrace,228926,Y
10710,58 Dorton Lane,20616,N
10711,6700 Farragut Alley,415262,N
10712,377 Nancy Trail,6483,Y
10713,12750 Mandrake Road,189680,Y
10714,570 Clarendon Road,188951,Y
10715,19 East Court,445951,N
10716,205 Roth Center,92325,Y
10717,6934 Bonner Parkway,268613,N
10718,7 Arkansas Court,163018,Y
10719,3 Main Drive,321393,N
10720,117 Lakewood Gardens Place,43134,Y
10721,50 Burrows Center,250906,N
10722,1 Loeprich Junction,311641,Y
10723,76869 2nd Drive,232640,N
10724,63092 Luster Center,220604,N
10725,133 Badeau Plaza,567071,Y
10726,47 Hanson Drive,198613,Y
10727,0912 Lakeland Terrace,136355,N
10728,00 Longview Terrace,172911,Y
10729,3079 Northwestern Lane,106856,N
10730,83 Gerald Way,231264,N
10731,69 Florence Drive,585711,N
10732,04 Clarendon Avenue,29382,Y
10733,891 Cascade Lane,26592,N
10734,758 Melody Point,562966,Y
10735,630 Starling Alley,141669,Y
10736,382 Eliot Terrace,282720,N
10737,346 High Crossing Junction,552157,Y
10738,10 Badeau Park,547724,Y
10739,051 Clarendon Way,141815,Y
10740,07 American Alley,182628,Y
10741,6 Fulton Lane,282182,N
10742,382 Jana Point,199277,Y
10743,12 Veith Court,141961,Y
10744,3 Vermont Street,149530,N
10745,72544 Northridge Drive,387758,Y
10746,5 John Wall Center,125926,N
10747,3 Little Fleur Crossing,562644,Y
10748,7662 Drewry Junction,464105,Y
10749,6 Delaware Pass,560596,N
10750,537 Northfield Trail,100364,Y
10751,3945 Brown Crossing,178105,N
10752,2 Holmberg Way,232921,N
10753,31057 Village Trail,585358,N
10754,131 Heath Street,62288,Y
10755,3 Browning Road,23074,N
10756,1 John Wall Court,130034,Y
10757,0144 Thierer Place,579718,Y
10758,2 Cody Park,269810,N
10759,8 Toban Street,464199,Y
10760,43662 Tennyson Hill,317038,N
10761,13102 Farragut Circle,300842,N
10762,81 Hintze Road,539461,Y
10763,51 Gerald Crossing,559206,N
10764,11 Jenifer Place,509987,N
10765,6 Acker Court,368931,N
10766,56109 Charing Cross Place,392599,N
10767,7 Burning Wood Plaza,263553,Y
10768,12687 Jackson Point,144872,N
10769,0 Shasta Drive,214801,N
10770,21861 Donald Circle,280348,Y
10771,33 Commercial Street,386451,N
10772,9956 Talmadge Trail,471391,N
10773,289 Dwight Road,229653,N
10774,098 Lyons Crossing,410330,N
10775,78 Northland Hill,458459,Y
10776,2949 Arkansas Court,76603,N
10777,652 Kropf Alley,387679,N
10778,08 Donald Plaza,379677,N
10779,595 Elka Plaza,321189,N
10780,6127 Waxwing Place,308805,Y
10781,4767 Shelley Center,339322,N
10782,41 Eastwood Center,520410,Y
10783,3 Farmco Street,222550,Y
10784,48367 Brickson Park Junction,290013,N
10785,78038 Huxley Pass,322077,N
10786,33 Little Fleur Lane,500404,Y
10787,8 Mesta Pass,117918,Y
10788,20 Hoffman Terrace,213460,N
10789,4571 Erie Junction,502740,N
10790,033 Park Meadow Crossing,89371,N
10791,2 Beilfuss Crossing,99198,N
10792,666 Bartelt Center,466828,Y
10793,12256 Toban Park,42158,N
10794,717 Lindbergh Street,548316,Y
10795,7919 Parkside Terrace,138875,Y
10796,74 Messerschmidt Place,544301,Y
10797,74017 Sullivan Circle,355015,N
10798,39202 Rowland Pass,460153,N
10799,2 2nd Parkway,417220,Y
10800,66 American Ash Terrace,489347,N
10801,1 Delaware Place,398964,N
10802,898 Garrison Alley,291905,Y
10803,167 Sheridan Way,75254,N
10804,3885 Northfield Park,580698,Y
10805,051 Brown Drive,588003,N
10806,7219 Di Loreto Place,141338,Y
10807,531 Meadow Valley Parkway,425352,N
10808,14 Troy Parkway,25561,N
10809,29089 Walton Pass,324076,Y
10810,37 Forest Dale Point,596813,Y
10811,282 Victoria Circle,112683,Y
10812,3342 Bobwhite Road,379418,Y
10813,4898 Harper Road,386947,N
10814,82 Bluejay Terrace,128415,N
10815,4 Northridge Terrace,50090,N
10816,945 Northwestern Circle,551008,Y
10817,66 Knutson Junction,415082,Y
10818,77 Bunker Hill Trail,440095,Y
10819,1051 Miller Court,314414,Y
10820,35 Becker Center,234374,N
10821,5 Bonner Crossing,547000,N
10822,687 Nobel Way,240153,Y
10823,40144 Calypso Place,93197,N
10824,6674 Lerdahl Avenue,199790,Y
10825,677 Bashford Center,576258,Y
10826,66 Buell Parkway,92494,Y
10827,6014 Brown Trail,397793,N
10828,6561 Nancy Point,529178,Y
10829,3880 Holmberg Center,148704,N
10830,84430 Buhler Street,479143,N
10831,0 American Circle,111978,Y
10832,40 Badeau Lane,331623,N
10833,417 Larry Crossing,380964,Y
10834,25641 Prairie Rose Pass,70876,Y
10835,7 Arizona Junction,283412,Y
10836,2391 Morningstar Plaza,238258,N
10837,55 Mariners Cove Hill,447342,Y
10838,83164 Karstens Drive,433236,Y
10839,5 Oriole Court,302634,N
10840,37 Schurz Junction,566540,N
10841,48906 Duke Alley,199543,Y
10842,30416 Russell Pass,288766,Y
10843,8274 Gerald Court,446314,N
10844,460 Morning Lane,585951,N
10845,4649 Karstens Crossing,536767,Y
10846,4381 Tennyson Road,377458,N
10847,968 Hallows Place,396096,Y
10848,0 Birchwood Park,279111,N
10849,06 Westridge Parkway,72547,N
10850,75 Graedel Circle,403829,N
10851,1 Larry Place,226733,Y
10852,5645 Florence Place,410247,N
10853,64 Texas Crossing,471431,N
10854,567 Westridge Court,124370,N
10855,203 Coleman Road,154657,N
10856,2025 Blue Bill Park Street,138463,N
10857,5246 Browning Center,141683,Y
10858,6 Bayside Pass,128835,Y
10859,31 Gale Center,233487,N
10860,86 Dwight Way,218649,Y
10861,3527 Annamark Drive,410452,N
10862,5674 Kropf Way,177936,Y
10863,233 Armistice Pass,553906,N
10864,8768 Park Meadow Pass,120605,N
10865,8565 Dottie Center,173564,N
10866,522 La Follette Alley,115400,Y
10867,33291 Old Shore Plaza,190859,Y
10868,2619 Lakewood Gardens Way,357327,Y
10869,80 Lunder Drive,144905,N
10870,07861 Eliot Park,463508,N
10871,58445 Di Loreto Avenue,25434,Y
10872,86 Northwestern Center,271439,N
10873,8943 Hanson Road,564980,N
10874,87640 Debs Alley,130631,Y
10875,8899 Spenser Place,263923,Y
10876,8 Hoard Lane,209896,N
10877,42 Westport Point,518091,N
10878,90767 Mcbride Street,492309,N
10879,1 Pennsylvania Plaza,379539,Y
10880,5239 Oak Valley Plaza,433473,N
10881,08 Becker Hill,313995,N
10882,525 Declaration Place,38397,N
10883,78 Kennedy Drive,84364,Y
10884,9 Nobel Plaza,429738,Y
10885,79 Holmberg Crossing,210948,Y
10886,257 Hermina Parkway,573809,N
10887,9075 Sachs Junction,508651,N
10888,44 Becker Street,136699,N
10889,2402 Carberry Street,316253,Y
10890,93 Merrick Plaza,545404,Y
10891,1050 Transport Pass,349529,N
10892,06 Maryland Parkway,23775,N
10893,116 Meadow Vale Lane,161047,N
10894,94478 Mccormick Point,291448,N
10895,11 Basil Street,508791,N
10896,710 Eastlawn Alley,141158,N
10897,34 Porter Road,202847,N
10898,8 Springs Way,242499,N
10899,38788 Norway Maple Crossing,17144,Y
10900,24181 Pleasure Lane,567928,Y
10901,1 Eagle Crest Junction,189444,Y
10902,012 Russell Point,202475,N
10903,771 Mifflin Point,572504,Y
10904,2229 Welch Lane,426689,N
10905,128 West Trail,218522,Y
10906,2 Anhalt Center,359172,Y
10907,91 Shasta Terrace,106853,Y
10908,5863 Maywood Plaza,438539,N
10909,6 Starling Point,493438,Y
10910,16 Mitchell Court,109792,N
10911,57986 Thompson Alley,150243,Y
10912,2162 Vidon Pass,217397,Y
10913,7 Weeping Birch Place,318116,N
10914,109 Hayes Circle,551217,Y
10915,3 Warbler Crossing,433699,N
10916,09 Crowley Terrace,156310,Y
10917,21722 Westerfield Circle,226691,N
10918,028 Waubesa Road,19067,N
10919,24 Forest Trail,493413,Y
10920,0 Lindbergh Place,91512,N
10921,1 Michigan Point,217965,N
10922,42188 Fulton Drive,335503,Y
10923,69929 Weeping Birch Street,95598,Y
10924,253 Lillian Plaza,96661,N
10925,8 Hoard Parkway,158477,N
10926,2187 Elmside Court,591375,N
10927,9963 Mendota Crossing,177228,N
10928,780 Jenifer Lane,570028,Y
10929,99 Corben Way,468979,Y
10930,39 Helena Drive,95733,N
10931,39 Pierstorff Pass,404124,Y
10932,4 Bonner Alley,527006,N
10933,33971 Sachs Plaza,200547,Y
10934,4 Independence Point,310770,N
10935,2 Crescent Oaks Drive,395230,Y
10936,93314 Sutherland Plaza,597975,Y
10937,961 Londonderry Alley,171646,N
10938,6868 Weeping Birch Alley,379413,N
10939,675 Park Meadow Plaza,378648,Y
10940,9291 Texas Hill,138770,N
10941,5507 Vahlen Trail,232653,N
10942,3953 Washington Place,473344,Y
10943,7326 Vermont Junction,195079,N
10944,00036 Monica Pass,383282,N
10945,163 Crest Line Hill,598632,Y
10946,148 Hayes Pass,22777,N
10947,9420 Sunbrook Junction,436031,Y
10948,88618 Westport Center,405447,N
10949,5286 Walton Terrace,330946,N
10950,73 Fairfield Alley,264136,N
10951,2 Eagle Crest Junction,566445,N
10952,40227 Maple Wood Way,311363,N
10953,3 Arkansas Way,95184,N
10954,98 Warrior Point,143587,Y
10955,40385 Pawling Avenue,95712,Y
10956,5740 Goodland Pass,135743,N
10957,805 Manufacturers Way,405271,Y
10958,24 Melrose Terrace,234088,N
10959,9 Schiller Junction,51509,N
10960,2 Melrose Junction,262190,N
10961,9755 Utah Terrace,496509,N
10962,2 Porter Terrace,249166,Y
10963,0 Lighthouse Bay Terrace,43756,Y
10964,89253 Roxbury Trail,47313,N
10965,223 Del Sol Alley,472794,N
10966,92 Merchant Hill,583758,Y
10967,86 4th Pass,93941,Y
10968,499 Burning Wood Court,475441,N
10969,7 Green Pass,441612,Y
10970,595 Brickson Park Drive,30234,N
10971,65433 Hansons Terrace,591153,Y
10972,6 Meadow Vale Center,217219,N
10973,030 Melody Way,145215,N
10974,6868 Monterey Court,188015,N
10975,63 Northwestern Hill,296055,N
10976,77086 Petterle Junction,261416,N
10977,7061 Kenwood Terrace,170180,Y
10978,267 Sherman Parkway,383305,N
10979,2747 Esch Crossing,66489,N
10980,74 Fairview Road,167066,Y
10981,297 Vera Trail,482876,Y
10982,5 Bunker Hill Circle,269755,Y
10983,96364 Wayridge Way,413909,N
10984,075 Hanson Avenue,574574,N
10985,552 Express Hill,230339,Y
10986,43 Superior Pass,116252,N
10987,28 Knutson Court,276946,N
10988,7 Atwood Road,546343,N
10989,0144 Rutledge Street,172548,Y
10990,3 Bashford Way,274472,Y
10991,43783 Spenser Court,475269,Y
10992,34601 Sugar Parkway,490182,Y
10993,9 Kings Court,280781,Y
10994,3993 Norway Maple Way,368496,Y
10995,74675 Knutson Avenue,198667,Y
10996,79441 Kedzie Hill,549282,Y
10997,258 Sutherland Street,543376,Y
10998,79836 Messerschmidt Circle,412661,N
10999,5424 Nova Place,132261,N
11000,59752 Loomis Trail,407786,Y
11001,9279 International Crossing,487800,Y
11002,100 Moose Circle,450744,N
11003,946 Westport Alley,579797,N
11004,7 Portage Crossing,190417,Y
11005,34 Gina Road,255275,N
11006,386 Russell Terrace,250354,N
11007,0 Kipling Park,109219,N
11008,42847 6th Park,584945,N
11009,35126 Debs Crossing,114371,N
11010,8381 Towne Court,402085,Y
11011,6487 Coleman Junction,273530,N
11012,44834 Dryden Place,37461,N
11013,90963 Sundown Court,250245,Y
11014,79 Maywood Circle,103945,Y
11015,25 Bartelt Junction,498875,Y
11016,444 Almo Terrace,493086,Y
11017,676 Doe Crossing Parkway,547059,N
11018,98 Grayhawk Point,206032,Y
11019,0935 Knutson Drive,166984,N
11020,18463 La Follette Pass,499322,N
11021,40 Clove Crossing,125390,Y
11022,085 Longview Junction,324637,N
11023,321 Roth Center,14585,N
11024,59 Brickson Park Plaza,350886,N
11025,2482 Del Mar Junction,460591,Y
11026,0 Merry Lane,428869,Y
11027,38 Crownhardt Street,460104,N
11028,6966 Eggendart Pass,571131,N
11029,93983 Artisan Center,455504,N
11030,3104 Summerview Parkway,400099,N
11031,20611 Manitowish Way,76369,Y
11032,47 Tomscot Point,331573,Y
11033,650 Bobwhite Lane,329562,Y
11034,015 Walton Parkway,51981,Y
11035,42 Northview Crossing,570235,Y
11036,5 Pierstorff Point,235934,N
11037,81901 Crescent Oaks Drive,297586,N
11038,02502 Reinke Street,524855,N
11039,41 Fieldstone Street,341001,Y
11040,21 Fisk Alley,12292,N
11041,888 Bunting Center,223436,Y
11042,69651 Graceland Plaza,13324,N
11043,4207 Morrow Pass,35657,N
11044,191 Eagan Center,489006,Y
11045,2 School Place,4300,N
11046,85 Lunder Plaza,112106,Y
11047,2 Troy Lane,558619,Y
11048,9 Blue Bill Park Alley,121683,N
11049,269 Maryland Road,337286,Y
11050,65 Quincy Street,235648,Y
11051,9164 Stang Pass,572689,N
11052,946 Porter Street,17862,Y
11053,10 Hanson Court,343836,Y
11054,69 Gina Drive,329021,Y
11055,17 Bultman Way,186835,Y
11056,09457 Donald Court,251154,Y
11057,5 Pepper Wood Way,288662,Y
11058,8282 Dahle Plaza,126282,Y
11059,7 6th Road,111674,Y
11060,64917 Holy Cross Pass,431719,N
11061,02815 Eggendart Parkway,124211,N
11062,811 Eastwood Center,532808,N
11063,5 Drewry Pass,457013,Y
11064,676 Express Circle,210398,Y
11065,0633 Rutledge Crossing,33628,N
11066,10 Amoth Street,314530,N
11067,581 Claremont Road,72081,N
11068,49452 Graedel Street,44164,N
11069,6136 Banding Crossing,586208,Y
11070,28 Merchant Road,216972,N
11071,53957 Arapahoe Court,296391,Y
11072,006 Village Plaza,393063,Y
11073,10397 Maywood Center,42879,Y
11074,595 Esker Road,421630,Y
11075,289 Golf Course Way,155829,N
11076,41 Cherokee Way,271321,N
11077,374 Sachs Trail,230412,Y
11078,65892 Westerfield Center,344555,N
11079,74869 Maple Wood Pass,180732,N
11080,580 Meadow Ridge Parkway,210680,N
11081,53422 Nancy Pass,493971,N
11082,8 Talisman Crossing,516876,Y
11083,2617 Hanson Hill,285730,Y
11084,18 Vera Plaza,355264,N
11085,048 Columbus Point,7233,N
11086,36 Banding Park,427452,Y
11087,6759 Dorton Alley,592345,Y
11088,8 Crowley Pass,451242,N
11089,0709 Ronald Regan Junction,375892,N
11090,130 Elmside Drive,289156,N
11091,9143 Drewry Center,280795,Y
11092,2838 Judy Plaza,383437,N
11093,1 Red Cloud Street,70963,N
11094,43322 Comanche Way,206865,Y
11095,8384 Straubel Way,520401,Y
11096,5 Service Crossing,109492,Y
11097,99684 Pond Parkway,447604,Y
11098,578 Westridge Point,515420,Y
11099,80462 Shopko Street,394567,Y
11100,2628 Mcbride Place,444223,N
11101,89499 Almo Point,57995,Y
11102,191 Sugar Avenue,262797,N
11103,282 Elka Hill,95381,N
11104,21 Dunning Point,157420,N
11105,12869 4th Alley,417506,Y
11106,6508 Veith Avenue,178473,Y
11107,3 Petterle Crossing,571778,Y
11108,09 Grayhawk Hill,524600,Y
11109,3741 Pearson Park,579790,Y
11110,6 Columbus Court,542360,N
11111,5 Talisman Street,528207,Y
11112,42058 Corry Hill,182215,N
11113,0262 Tennessee Way,526152,N
11114,188 Ridgeview Road,271727,Y
11115,179 Roxbury Park,456092,Y
11116,51 Harper Point,365021,Y
11117,20 Rowland Trail,300338,N
11118,16017 Tennessee Street,161016,Y
11119,469 Novick Way,444509,Y
11120,81 Ryan Road,379662,Y
11121,9 Spaight Trail,382610,N
11122,485 Erie Court,556168,Y
11123,528 Lien Center,425192,N
11124,35 Gerald Street,420654,Y
11125,95422 Shelley Junction,174738,Y
11126,5 Oakridge Alley,71974,N
11127,7567 Prentice Terrace,518832,N
11128,42996 Jay Circle,305746,N
11129,9 Messerschmidt Circle,206109,Y
11130,50671 Artisan Circle,286908,Y
11131,02915 Schiller Road,226168,Y
11132,4982 Judy Avenue,285369,N
11133,8 Bunker Hill Street,387620,N
11134,61 Barnett Court,181841,Y
11135,942 Blaine Avenue,361326,Y
11136,1289 Cody Lane,445376,N
11137,2291 Sage Parkway,585338,Y
11138,41828 Tennyson Plaza,324445,Y
11139,068 Eggendart Trail,49553,N
11140,5 Veith Street,301195,N
11141,08 Onsgard Park,469433,Y
11142,365 Packers Point,545189,Y
11143,7630 Merrick Point,595397,N
11144,92 Mallory Road,28284,N
11145,7874 Bartelt Hill,217467,N
11146,71055 Almo Way,149886,N
11147,27599 Marcy Circle,357730,N
11148,868 Sachs Street,501971,Y
11149,6 Waubesa Plaza,126291,Y
11150,178 Merrick Place,504729,Y
11151,69661 Bartillon Lane,377952,Y
11152,76 Novick Lane,247166,N
11153,9 Green Ridge Way,594278,N
11154,40 Gateway Alley,212514,N
11155,74174 Anzinger Drive,51156,Y
11156,1000 Vera Park,34814,Y
11157,0899 Summerview Junction,285529,N
11158,808 Paget Court,365158,Y
11159,4 Gateway Trail,251200,Y
11160,5 Swallow Trail,361635,Y
11161,7 Fair Oaks Parkway,317447,N
11162,8587 Dahle Drive,299475,Y
11163,7567 Sundown Circle,339804,Y
11164,1857 Weeping Birch Way,426566,N
11165,35889 Alpine Point,439385,Y
11166,37682 Pine View Street,146396,N
11167,92 Jana Pass,88737,N
11168,6 Valley Edge Trail,193623,N
11169,03117 Johnson Terrace,214069,N
11170,558 Schiller Court,88774,Y
11171,52077 Fair Oaks Point,338841,Y
11172,4196 Farragut Trail,548400,N
11173,9 Parkside Court,532185,Y
11174,675 Debra Hill,245383,N
11175,1516 Morningstar Road,336144,Y
11176,26 Crest Line Circle,179947,N
11177,22 4th Point,26886,N
11178,0 Monterey Avenue,270,Y
11179,4029 Northport Terrace,560826,Y
11180,79436 Hermina Pass,408446,Y
11181,66 Nancy Parkway,266500,Y
11182,754 Monument Pass,82799,Y
11183,96 Coleman Avenue,386461,N
11184,6487 Prentice Junction,415951,N
11185,8697 Southridge Court,560167,Y
11186,81 Hayes Center,239774,Y
11187,5328 Arapahoe Plaza,564440,Y
11188,6345 Forster Terrace,392223,Y
11189,09188 Anderson Point,245208,Y
11190,9 Fuller Crossing,125306,N
11191,98806 Londonderry Court,298802,N
11192,66 Manitowish Court,235731,N
11193,947 Talmadge Park,83604,N
11194,79539 Toban Point,153607,N
11195,1 Clemons Lane,591542,Y
11196,4 Moose Street,358046,N
11197,82 Birchwood Avenue,36393,Y
11198,557 Banding Circle,265058,Y
11199,4 Dahle Road,364460,N
11200,319 Anderson Junction,416849,N
11201,436 Russell Junction,567154,Y
11202,7 Prairieview Way,27594,Y
11203,3303 Larry Pass,181592,N
11204,4 Express Road,9215,Y
11205,8903 Stoughton Crossing,358496,N
11206,80094 Londonderry Drive,314768,Y
11207,09 Burrows Place,227093,N
11208,21524 Sutherland Center,540286,Y
11209,55370 Ilene Terrace,575693,N
11210,95 Reinke Terrace,588437,N
11211,1 Little Fleur Lane,224697,Y
11212,426 2nd Court,541192,Y
11213,65098 Texas Terrace,270816,N
11214,11210 Merrick Plaza,70007,Y
11215,458 Monica Terrace,466281,N
11216,91962 Eliot Drive,250500,Y
11217,7 Emmet Pass,124900,N
11218,05707 Spohn Avenue,446937,Y
11219,03 Grim Road,106822,N
11220,80 Vermont Park,19535,Y
11221,2269 Corscot Crossing,434724,Y
11222,30 Erie Street,400256,Y
11223,2 Hanover Plaza,515767,Y
11224,8 Sullivan Lane,572285,N
11225,34 Alpine Plaza,158065,N
11226,0 Waxwing Terrace,263158,Y
11227,56 Del Sol Parkway,156701,N
11228,5412 Fairview Trail,54336,Y
11229,93 Merchant Terrace,108417,Y
11230,4 Annamark Parkway,191085,Y
11231,87 Macpherson Avenue,305287,N
11232,11814 Badeau Park,8508,N
11233,664 Division Place,406740,Y
11234,1785 Nevada Terrace,197061,N
11235,8661 Duke Lane,15203,Y
11236,090 Ludington Crossing,562245,N
11237,62882 South Trail,527743,Y
11238,3 Russell Alley,387954,Y
11239,66842 Artisan Court,505746,Y
11240,9 Monument Plaza,514790,N
11241,9 Meadow Vale Junction,342753,N
11242,68978 Meadow Ridge Avenue,264321,Y
11243,5656 Waubesa Way,536710,Y
11244,3511 Cardinal Point,509270,Y
11245,974 Declaration Place,66720,N
11246,3 La Follette Hill,64983,Y
11247,62195 Commercial Court,81367,N
11248,8018 Springs Junction,498114,Y
11249,0329 Birchwood Park,473456,Y
11250,822 Red Cloud Avenue,597135,N
11251,43240 Crowley Crossing,436058,Y
11252,8 Dennis Crossing,284535,Y
11253,650 Waubesa Park,223466,N
11254,7777 Burrows Hill,170181,Y
11255,5318 Acker Junction,23078,N
11256,76 Michigan Alley,462917,Y
11257,1 Rockefeller Crossing,9946,Y
11258,03288 Acker Crossing,102020,N
11259,43 Thackeray Plaza,152696,N
11260,309 Elka Park,286134,Y
11261,714 Lerdahl Place,233959,Y
11262,2 Summerview Parkway,404576,N
11263,38 Leroy Trail,239520,Y
11264,266 Springs Drive,536091,N
11265,50538 Riverside Center,31290,Y
11266,98 Prairie Rose Center,97892,Y
11267,7 Dryden Court,118078,Y
11268,1623 Bay Terrace,490012,N
11269,8136 Grasskamp Center,207292,N
11270,0 Express Street,533748,N
11271,4242 Hagan Parkway,441415,Y
11272,68552 Haas Alley,345878,Y
11273,10852 Northview Parkway,531258,Y
11274,3880 Graedel Drive,217114,N
11275,61 Lindbergh Plaza,514435,N
11276,553 Arkansas Pass,250523,N
11277,30 Bluestem Parkway,514682,N
11278,28757 Welch Center,579587,Y
11279,4 Welch Park,336691,N
11280,07 Dwight Court,545160,Y
11281,6685 Wayridge Lane,62517,N
11282,8 Luster Road,307969,Y
11283,40595 Birchwood Drive,68141,Y
11284,63760 Becker Place,331471,N
11285,11 Bay Way,574100,Y
11286,500 Garrison Pass,566031,Y
11287,23017 Pankratz Junction,501172,Y
11288,7 Sugar Place,325537,N
11289,3153 Manufacturers Circle,267164,N
11290,30 Sunnyside Plaza,105055,N
11291,9 Marcy Center,63290,N
11292,96528 Maple Hill,45713,Y
11293,296 Bartelt Pass,433608,N
11294,3749 Dakota Center,78768,N
11295,1 Gateway Street,359984,Y
11296,1523 Hagan Court,410349,N
11297,24 Bayside Court,511080,Y
11298,5255 Fulton Avenue,520792,N
11299,962 Loeprich Pass,63032,Y
11300,1 Ryan Crossing,122265,Y
11301,2 Jackson Center,105695,Y
11302,55 Cody Court,13140,N
11303,832 Sullivan Lane,260222,Y
11304,90 Ilene Junction,365625,N
11305,23 Ilene Drive,300633,Y
11306,16573 Dorton Parkway,477926,Y
11307,259 Morning Hill,511364,Y
11308,602 Pankratz Street,419945,Y
11309,77 Claremont Alley,150560,N
11310,12329 Thierer Junction,102412,N
11311,622 Colorado Park,43704,N
11312,66225 Laurel Way,459206,N
11313,89 Lillian Terrace,585887,Y
11314,9634 Dryden Lane,470266,Y
11315,3612 Gale Hill,227346,Y
11316,3 Hooker Parkway,528366,N
11317,7 Fallview Lane,467969,Y
11318,8432 Schlimgen Circle,553386,N
11319,6726 Harper Place,167722,N
11320,77409 Stephen Way,14837,N
11321,984 Morning Court,82653,N
11322,4 Waywood Crossing,164735,N
11323,414 Mendota Parkway,74910,Y
11324,240 Sachs Pass,212278,Y
11325,5555 Steensland Place,570263,Y
11326,8 Hooker Court,138606,N
11327,2 Mitchell Way,142851,N
11328,688 Erie Avenue,483740,N
11329,6 Kensington Plaza,61947,N
11330,5950 Messerschmidt Avenue,234043,N
11331,65694 Dapin Drive,358088,Y
11332,3 Lukken Crossing,421171,Y
11333,888 Cody Hill,436276,Y
11334,37585 Shasta Park,385805,N
11335,07 Dunning Park,156662,N
11336,931 Northport Park,506613,N
11337,9 Mariners Cove Plaza,382684,Y
11338,24 Forest Run Trail,594609,Y
11339,8 Dryden Hill,426912,Y
11340,41 Lillian Parkway,514945,Y
11341,41 Anhalt Avenue,447604,N
11342,067 Mendota Avenue,153832,Y
11343,005 Blackbird Alley,19350,Y
11344,1 Pierstorff Terrace,586728,N
11345,409 American Ash Court,386470,N
11346,1441 7th Center,204498,N
11347,942 Merry Parkway,149191,N
11348,2878 Jackson Pass,502110,N
11349,432 Graceland Way,374459,Y
11350,7418 Mayfield Street,591574,Y
11351,5723 Merry Drive,421357,N
11352,62855 Esch Pass,146414,N
11353,7857 Gulseth Drive,460528,Y
11354,0 Sachtjen Way,123153,N
11355,548 Sycamore Alley,265244,N
11356,06531 Arkansas Center,460475,Y
11357,808 Pierstorff Lane,79968,Y
11358,48 Mendota Court,477472,N
11359,60 Derek Park,599435,Y
11360,54 Amoth Avenue,274549,N
11361,151 Blaine Avenue,17563,Y
11362,11 Hanson Street,348923,N
11363,473 Ohio Avenue,595514,N
11364,97583 Quincy Street,358762,N
11365,9 Rowland Trail,207028,Y
11366,60 Jenna Circle,542860,N
11367,815 Surrey Point,571868,Y
11368,3410 Heath Road,574465,Y
11369,1039 Maple Wood Center,302819,N
11370,4313 Blue Bill Park Street,312412,Y
11371,25663 Sullivan Plaza,416582,N
11372,892 Sunfield Lane,112354,Y
11373,009 Scofield Place,456845,Y
11374,38 Summerview Drive,497412,N
11375,6 David Trail,127071,N
11376,944 Myrtle Pass,537702,Y
11377,2333 Basil Avenue,149264,Y
11378,4 Graedel Park,250490,Y
11379,2031 Merrick Hill,9007,Y
11380,64343 Bellgrove Place,12791,Y
11381,70166 Sommers Plaza,356505,N
11382,234 Sunbrook Crossing,277573,Y
11383,9 Spaight Drive,514591,Y
11384,84 Stang Hill,364186,Y
11385,7099 Rockefeller Crossing,278139,N
11386,0 Village Court,95610,Y
11387,9824 Waxwing Point,271227,Y
11388,36844 Briar Crest Point,118638,N
11389,85247 Cordelia Circle,433189,N
11390,82 Sugar Plaza,144102,Y
11391,726 Orin Hill,442019,N
11392,01 Eliot Point,451435,N
11393,7 Burning Wood Point,45991,N
11394,0 Marquette Circle,402760,N
11395,263 Algoma Terrace,145523,N
11396,02339 Milwaukee Parkway,320438,N
11397,1 Scoville Point,424763,N
11398,350 Sutteridge Point,115211,Y
11399,5 Bobwhite Circle,583600,N
11400,95363 Jackson Drive,220104,Y
11401,11734 Forest Run Circle,213842,N
11402,6 Pine View Point,450508,Y
11403,74660 Dottie Street,579360,Y
11404,4197 Kennedy Alley,22394,N
11405,0232 Sutherland Terrace,86914,Y
11406,28 Eagan Crossing,177820,N
11407,5997 Iowa Junction,557748,N
11408,325 Columbus Court,589124,N
11409,02954 Jenna Junction,7151,Y
11410,1369 Barby Alley,151445,N
11411,55961 Oakridge Point,62651,N
11412,313 Jenna Point,585383,N
11413,000 Waubesa Terrace,198667,Y
11414,6 Anthes Plaza,170315,Y
11415,859 Cody Center,147582,N
11416,118 Artisan Terrace,595456,N
11417,63 Dorton Center,369114,Y
11418,5851 Oak Valley Park,385792,Y
11419,09478 Lillian Road,483509,Y
11420,8796 Spaight Avenue,478526,N
11421,0 Becker Park,365582,Y
11422,39 Victoria Trail,557046,Y
11423,8 Stephen Junction,134461,Y
11424,68 Kenwood Avenue,431919,N
11425,06080 Saint Paul Center,533329,N
11426,80964 Mccormick Street,217644,Y
11427,6 Morrow Drive,285390,Y
11428,653 Graceland Crossing,19309,N
11429,56232 Kenwood Point,277594,N
11430,6617 Sauthoff Center,81961,Y
11431,12 Goodland Park,373094,N
11432,0339 Bartelt Road,25692,Y
11433,29571 Coleman Avenue,325776,Y
11434,88 Bunker Hill Circle,108645,Y
11435,658 Elgar Park,445996,Y
11436,3 Ryan Plaza,296815,Y
11437,21 Lighthouse Bay Center,527768,Y
11438,44 Canary Hill,509425,N
11439,64 Duke Drive,183551,N
11440,1092 Golden Leaf Crossing,267585,Y
11441,98 Fisk Avenue,292680,Y
11442,3 High Crossing Crossing,598795,Y
11443,2569 Killdeer Parkway,321805,Y
11444,77295 Continental Center,453758,Y
11445,48 Troy Trail,60883,N
11446,17094 Golf View Plaza,437480,Y
11447,7745 Independence Street,258554,N
11448,85664 Ludington Alley,402435,Y
11449,7 Veith Drive,100084,Y
11450,2 Fieldstone Point,496964,N
11451,499 Talmadge Park,322201,Y
11452,2 Mallard Drive,86568,Y
11453,2783 Swallow Center,518865,Y
11454,48 Bayside Circle,65526,N
11455,1 Dixon Circle,493435,N
11456,29 Kinsman Way,469712,Y
11457,6809 Boyd Park,441417,Y
11458,74794 Bobwhite Hill,183845,Y
11459,9 Calypso Circle,274643,N
11460,632 Artisan Parkway,31146,Y
11461,174 Lakewood Lane,196002,Y
11462,91 Warner Terrace,542033,Y
11463,1 Sunfield Court,59470,N
11464,16336 Coolidge Trail,76132,N
11465,9476 Jenna Lane,495798,N
11466,37554 Clyde Gallagher Plaza,100212,N
11467,137 Golf Alley,194279,N
11468,3784 Maryland Plaza,168069,N
11469,6086 Maple Pass,288141,N
11470,8 Park Meadow Road,451625,Y
11471,08 Elmside Circle,130406,Y
11472,7239 Killdeer Way,168868,N
11473,530 Hudson Way,269877,N
11474,49 Redwing Point,415286,Y
11475,4897 Merchant Road,206195,N
11476,75009 Tony Terrace,450097,Y
11477,3180 Stang Road,555906,Y
11478,5481 Tony Pass,471556,Y
11479,39420 Tony Alley,142436,N
11480,639 Lien Drive,522252,Y
11481,6 Bellgrove Parkway,578976,N
11482,710 Hoffman Center,324074,N
11483,0 Northview Point,526435,Y
11484,219 Susan Drive,589278,N
11485,95 Fuller Trail,290981,Y
11486,95634 Duke Circle,104044,Y
11487,12 Lakewood Way,311640,Y
11488,9473 Welch Trail,82489,N
11489,08735 Mifflin Drive,71095,Y
11490,3623 Brown Lane,43164,Y
11491,4 Elmside Pass,253538,N
11492,30693 Stephen Avenue,469491,N
11493,426 Porter Pass,216681,Y
11494,0 Stone Corner Crossing,140784,Y
11495,70 Granby Court,453686,Y
11496,4185 Brentwood Pass,66714,N
11497,247 Comanche Way,451806,Y
11498,2292 Carey Circle,497941,N
11499,750 Reinke Alley,2796,N
11500,0119 1st Avenue,591510,N
11501,918 Laurel Center,286716,Y
11502,183 Tennyson Pass,31630,N
11503,30 Grasskamp Junction,594225,N
11504,68630 Norway Maple Junction,596075,Y
11505,6 Grim Road,100289,Y
11506,62 Menomonie Drive,335801,N
11507,01 Derek Point,255302,N
11508,9579 Oriole Center,415278,N
11509,7607 Tony Terrace,584265,N
11510,6 Steensland Parkway,34264,Y
11511,975 Sycamore Parkway,67451,Y
11512,15 Meadow Vale Drive,273522,Y
11513,6 Stuart Junction,529700,Y
11514,31397 Hauk Alley,167913,N
11515,87 Russell Road,305261,N
11516,50 Rockefeller Trail,528444,N
11517,89 Fulton Circle,518429,N
11518,265 Union Lane,200573,N
11519,5 Vera Plaza,137068,Y
11520,0 Lakewood Alley,363124,N
11521,75350 Macpherson Park,572441,Y
11522,739 Barnett Terrace,107134,Y
11523,576 Westend Lane,152305,N
11524,6424 New Castle Terrace,530599,Y
11525,00 Oak Terrace,492512,Y
11526,474 Blue Bill Park Plaza,204624,N
11527,23164 Towne Way,464147,N
11528,647 Kedzie Crossing,124894,Y
11529,34 Dunning Plaza,13387,N
11530,26 Waywood Junction,432125,N
11531,2537 Alpine Junction,398435,Y
11532,22 Service Road,443911,N
11533,0935 Hoard Road,75907,Y
11534,61629 Heath Terrace,510310,N
11535,058 Bluejay Avenue,496563,Y
11536,777 Spaight Street,379826,Y
11537,7036 Dexter Way,196634,N
11538,43951 Eagan Junction,322141,N
11539,705 Corry Court,38649,Y
11540,36 Arrowood Parkway,521454,Y
11541,789 Summit Street,347171,N
11542,392 Welch Avenue,197830,Y
11543,1153 Weeping Birch Park,355634,N
11544,8015 Sunnyside Way,172600,N
11545,4651 Hollow Ridge Circle,420282,N
11546,32 Northland Pass,487787,Y
11547,2 Clyde Gallagher Center,255691,Y
11548,6 Elgar Alley,270180,N
11549,569 Mcbride Point,39962,N
11550,90 Nova Lane,305715,N
11551,308 4th Road,107401,Y
11552,76446 Forest Dale Pass,428502,N
11553,22 Shopko Crossing,329746,Y
11554,27546 Spenser Hill,127155,N
11555,67 Hudson Court,596623,N
11556,9 Fallview Street,476776,N
11557,6 Pond Way,188632,Y
11558,792 Arrowood Drive,337476,Y
11559,2564 Walton Parkway,144152,Y
11560,3145 Holy Cross Way,314120,Y
11561,7844 Morningstar Circle,216002,Y
11562,650 Bay Parkway,593959,N
11563,0 Bobwhite Place,151660,Y
11564,3 4th Drive,289016,Y
11565,44231 Bayside Point,357137,Y
11566,46 Mcguire Court,364852,Y
11567,9987 Mandrake Point,448579,N
11568,36409 Grasskamp Court,526195,N
11569,281 Hermina Street,40668,Y
11570,093 Green Ridge Lane,79397,Y
11571,7 Sutteridge Drive,8777,Y
11572,7 2nd Court,442496,N
11573,748 Glendale Circle,375126,Y
11574,5340 Esker Terrace,437487,N
11575,37032 Butterfield Trail,299361,Y
11576,016 Dryden Plaza,79425,N
11577,237 Mallard Avenue,330272,N
11578,2884 Clemons Junction,10377,Y
11579,9 Jay Plaza,242172,N
11580,5996 Maple Trail,189667,Y
11581,32303 Pepper Wood Center,338990,Y
11582,54958 American Plaza,569591,Y
11583,8018 Oxford Circle,67868,N
11584,8609 Magdeline Center,423492,N
11585,14 Declaration Park,572597,N
11586,66 Eastlawn Avenue,80438,N
11587,904 Village Junction,494387,N
11588,9474 Gina Street,395785,Y
11589,9475 Stone Corner Alley,351863,N
11590,1339 Manitowish Court,205291,Y
11591,7 Russell Place,394379,Y
11592,0 Monterey Circle,3626,Y
11593,43 Kings Drive,330314,N
11594,94772 Bartelt Alley,28711,N
11595,577 Hanson Plaza,67952,N
11596,509 Gateway Alley,186033,Y
11597,4140 Myrtle Pass,462215,Y
11598,31757 8th Alley,429865,N
11599,9 Redwing Center,44716,N
11600,651 Harper Road,301567,N
11601,0 Bartelt Way,168669,Y
11602,067 Pond Terrace,271761,N
11603,9 Oakridge Lane,229233,N
11604,0210 Oakridge Park,192435,N
11605,727 4th Street,399305,N
11606,096 High Crossing Point,340105,N
11607,26011 Rieder Way,257365,N
11608,07 Golden Leaf Hill,219572,Y
11609,49101 Messerschmidt Alley,169819,N
11610,3 Brickson Park Place,237187,N
11611,52908 Bunting Street,344142,Y
11612,55 Kennedy Parkway,40043,Y
11613,8727 1st Avenue,46835,N
11614,97 Fulton Crossing,40737,N
11615,10 Blaine Avenue,244611,Y
11616,46 Wayridge Terrace,436789,Y
11617,26901 Lakewood Gardens Parkway,82699,Y
11618,657 Eggendart Lane,53390,N
11619,04 Main Terrace,414645,N
11620,47 Scoville Park,347159,Y
11621,4788 Moulton Trail,128337,N
11622,9019 Homewood Avenue,64897,N
11623,4 Sunnyside Pass,324455,N
11624,8 Sunnyside Circle,440008,Y
11625,75 Warner Park,15345,Y
11626,107 Elka Park,74969,Y
11627,53 Westridge Plaza,554155,Y
11628,28 8th Circle,298107,Y
11629,59901 Huxley Terrace,375305,N
11630,98 Shasta Parkway,281003,N
11631,2176 Pennsylvania Court,292059,Y
11632,11 Canary Way,480203,N
11633,769 Tennyson Way,291269,Y
11634,19 Troy Trail,186120,Y
11635,3211 Blue Bill Park Center,148742,Y
11636,4 Lunder Terrace,430646,N
11637,0128 Florence Circle,12635,Y
11638,92 Welch Park,221507,N
11639,79943 Namekagon Alley,544813,N
11640,29215 Fuller Center,137581,Y
11641,92383 Kennedy Pass,582594,N
11642,854 Mendota Trail,77832,Y
11643,02 Dahle Trail,374747,Y
11644,32 Kennedy Road,490772,N
11645,3 Darwin Pass,62092,N
11646,8653 Eastlawn Hill,102551,Y
11647,6 Columbus Circle,183279,N
11648,5538 Summerview Road,469551,N
11649,5 Lyons Center,91668,N
11650,121 Carey Lane,250955,N
11651,7438 Lakeland Hill,83637,N
11652,94744 Arapahoe Pass,255391,N
11653,956 Bartelt Parkway,300796,Y
11654,471 Randy Park,351553,N
11655,19903 International Avenue,73512,Y
11656,79951 Messerschmidt Pass,92674,N
11657,9 Mendota Court,227396,Y
11658,214 Sachtjen Parkway,94649,N
11659,486 Nevada Street,188118,N
11660,26002 Daystar Hill,196428,N
11661,7122 Mallory Hill,510070,N
11662,88 Valley Edge Circle,588743,N
11663,65 Huxley Parkway,358036,N
11664,9831 Carberry Park,82005,N
11665,4 Loftsgordon Point,155258,Y
11666,296 Prentice Center,376205,Y
11667,0 Little Fleur Hill,273354,Y
11668,52748 Kensington Lane,127879,N
11669,11 Elgar Circle,583189,N
11670,2932 Cambridge Terrace,24736,N
11671,36 Arapahoe Lane,299726,Y
11672,57 Westport Street,381672,N
11673,7955 Forest Run Lane,561623,Y
11674,9 Maryland Trail,496437,Y
11675,2 Menomonie Park,330049,Y
11676,7764 Prairieview Pass,551458,N
11677,10 Delaware Avenue,325267,N
11678,281 Vera Trail,231921,Y
11679,38 Scott Plaza,141904,N
11680,7 Arizona Terrace,93656,Y
11681,221 Grim Circle,209707,Y
11682,1 La Follette Drive,509491,N
11683,7014 Lillian Point,552518,Y
11684,606 Farwell Point,383716,Y
11685,59 Bartelt Road,77148,N
11686,04 2nd Street,571974,Y
11687,60015 Talisman Place,298797,N
11688,9 Hallows Street,562858,N
11689,86008 Anhalt Avenue,18115,N
11690,6 Schiller Avenue,286988,N
11691,96779 Chinook Point,442990,N
11692,57 Clove Alley,391454,N
11693,40259 Bonner Terrace,343770,Y
11694,9172 Jackson Hill,559028,N
11695,163 Dahle Drive,81237,N
11696,2096 Monument Center,519955,N
11697,576 Pine View Court,257347,Y
11698,9408 Bashford Way,188441,Y
11699,9 5th Lane,593881,N
11700,94 Hanson Way,456963,N
11701,793 Carioca Parkway,416159,Y
11702,13980 Maple Way,524250,N
11703,3 Kensington Circle,499646,Y
11704,4 Spohn Hill,318146,N
11705,412 Pleasure Parkway,422401,N
11706,5825 Village Pass,419238,Y
11707,82871 Corben Drive,431883,N
11708,73 Westridge Way,396890,N
11709,8 Luster Crossing,312369,Y
11710,594 Harper Alley,462219,N
11711,3683 Packers Way,360958,N
11712,348 Portage Junction,542681,Y
11713,95 Del Mar Trail,88577,Y
11714,045 Hanson Terrace,162040,Y
11715,983 Sauthoff Terrace,77647,N
11716,3687 Reindahl Alley,281496,Y
11717,43275 Hallows Road,311756,N
11718,470 Express Drive,164002,N
11719,16158 Melody Pass,28184,Y
11720,563 Golf View Parkway,551446,N
11721,6611 Dixon Center,7683,Y
11722,9890 Lotheville Park,16889,Y
11723,18 Monument Lane,310585,N
11724,4721 Goodland Hill,237700,Y
11725,008 Barby Court,530576,Y
11726,9 East Plaza,320513,N
11727,54447 Blue Bill Park Trail,442897,Y
11728,3 Green Way,528022,N
11729,3 Dwight Hill,348861,N
11730,03045 Dayton Crossing,396961,N
11731,6542 Forster Way,497761,N
11732,98190 Heath Center,255365,N
11733,417 Parkside Road,541534,Y
11734,9 Arrowood Avenue,58078,N
11735,743 Cardinal Point,456824,Y
11736,5244 Sloan Court,507431,N
11737,7 Gerald Crossing,465726,N
11738,93 Nelson Trail,513153,Y
11739,57 Derek Road,498110,N
11740,77009 Meadow Vale Trail,208029,N
11741,1 Valley Edge Hill,215426,N
11742,20 Miller Road,380498,Y
11743,52285 Mcguire Road,255778,Y
11744,86 Ludington Hill,538874,Y
11745,2 Old Shore Hill,424604,Y
11746,5052 Wayridge Terrace,120029,N
11747,28269 Morrow Hill,355955,N
11748,88626 Judy Drive,19083,N
11749,1 Village Lane,203553,Y
11750,2 Burning Wood Drive,112243,N
11751,9 Anderson Point,342593,N
11752,5866 Westend Crossing,60891,N
11753,44019 Mandrake Way,128994,Y
11754,2 Jackson Hill,56597,Y
11755,47646 Everett Junction,15802,N
11756,729 Texas Alley,448368,N
11757,69595 Sundown Drive,596393,Y
11758,64069 Blackbird Way,348364,Y
11759,894 Donald Alley,347158,N
11760,0 Raven Hill,336625,N
11761,771 Jana Crossing,231392,Y
11762,3093 Washington Parkway,235475,Y
11763,3 Menomonie Pass,391734,N
11764,550 Lawn Street,295277,Y
11765,20510 Golf Trail,537393,N
11766,75342 Transport Trail,410634,N
11767,79587 Little Fleur Alley,50277,N
11768,16201 Northland Crossing,155481,N
11769,9754 Sommers Crossing,55548,Y
11770,030 Prairie Rose Point,522478,N
11771,7 Maple Wood Drive,213173,Y
11772,6337 Heath Avenue,469938,N
11773,10074 Dryden Terrace,402180,Y
11774,08386 Badeau Parkway,49525,Y
11775,1703 Russell Lane,358186,Y
11776,9371 Carpenter Street,258324,N
11777,5913 Meadow Vale Circle,175287,N
11778,4919 Lake View Center,487412,Y
11779,425 Clarendon Place,295176,N
11780,6954 Mccormick Way,65646,Y
11781,400 Westerfield Street,159525,Y
11782,3958 Continental Alley,244053,N
11783,7 Butterfield Point,191233,N
11784,9 Barby Parkway,178634,N
11785,7 Arizona Alley,190541,Y
11786,31 Northwestern Crossing,537651,Y
11787,975 Jenifer Terrace,521655,N
11788,147 Lunder Drive,234466,N
11789,3451 Knutson Point,406652,Y
11790,756 Birchwood Place,45006,N
11791,97997 Oak Valley Park,559862,Y
11792,79500 Thierer Court,451828,N
11793,36557 Dawn Parkway,359742,Y
11794,19 Village Alley,336669,Y
11795,15 Fremont Lane,448860,N
11796,843 Jana Place,156898,N
11797,8 Hooker Crossing,473786,N
11798,592 Colorado Point,24393,N
11799,6183 Claremont Trail,105619,N
11800,28 Darwin Circle,233246,N
11801,48463 Mallory Road,67128,Y
11802,44897 Heath Point,189772,Y
11803,62509 Lindbergh Lane,257821,N
11804,832 Linden Street,506015,N
11805,67 Mesta Crossing,436088,N
11806,099 Myrtle Parkway,150294,N
11807,70 Superior Lane,519922,N
11808,15613 Oxford Pass,534381,Y
11809,3592 Dwight Crossing,90480,Y
11810,28 Dapin Place,349848,N
11811,496 Algoma Court,549898,N
11812,44 Dahle Avenue,381390,N
11813,711 Oak Valley Parkway,184920,Y
11814,53931 Nancy Lane,158025,Y
11815,70275 Bobwhite Junction,436384,Y
11816,92 Kings Alley,346692,N
11817,34843 Clarendon Trail,322659,N
11818,24331 Melby Place,209876,N
11819,685 Autumn Leaf Center,439444,Y
11820,90 Loomis Way,185629,N
11821,04 Dryden Court,132326,Y
11822,03219 Portage Alley,473055,N
11823,78537 Monica Center,12302,N
11824,81422 Bartillon Way,532007,Y
11825,8 Crowley Court,540981,Y
11826,6386 Arizona Park,2923,N
11827,02 Forest Dale Crossing,266829,Y
11828,2054 Service Drive,447988,N
11829,47377 Rusk Place,409297,N
11830,62 Fordem Circle,452396,Y
11831,62 Chinook Park,332835,Y
11832,330 Kingsford Hill,171230,Y
11833,65033 Westerfield Road,150587,Y
11834,67 Westerfield Hill,416741,N
11835,5077 6th Alley,8502,N
11836,62894 Shasta Parkway,531086,Y
11837,6375 Di Loreto Circle,292873,Y
11838,02 Milwaukee Circle,476250,N
11839,41948 Kedzie Way,38037,Y
11840,4064 Thackeray Point,323707,N
11841,9 Arapahoe Street,42894,Y
11842,1924 Amoth Road,452848,Y
11843,89979 Bunting Lane,118556,Y
11844,3694 Sachs Junction,108520,Y
11845,4 Warrior Way,279862,N
11846,43299 Killdeer Park,287712,N
11847,2687 Sherman Street,499697,Y
11848,867 Killdeer Center,284112,N
11849,9011 International Court,237256,Y
11850,91 Myrtle Parkway,67657,N
11851,4596 8th Park,288282,N
11852,99350 Glendale Alley,320047,N
11853,8 Lake View Road,289022,Y
11854,07853 Cody Way,427636,N
11855,3038 Moland Park,292377,Y
11856,21538 Service Street,379205,Y
11857,72020 Quincy Drive,16678,Y
11858,8278 Declaration Crossing,591745,N
11859,27006 Ohio Court,127944,N
11860,1860 Dorton Drive,403428,Y
11861,16 Linden Circle,182287,N
11862,42211 Bay Way,193576,N
11863,68 Mccormick Trail,587001,N
11864,2182 Bonner Terrace,65055,Y
11865,75 Hallows Parkway,17649,N
11866,8 Scott Terrace,339813,Y
11867,6248 Onsgard Avenue,100266,Y
11868,23 Carioca Lane,591601,Y
11869,2 Schlimgen Street,61155,N
11870,294 Northwestern Place,328620,N
11871,1 Granby Point,543252,N
11872,7 Packers Road,40685,N
11873,062 Bultman Terrace,24097,N
11874,451 Lotheville Plaza,584553,Y
11875,8234 Grover Terrace,586592,Y
11876,119 Havey Street,544888,N
11877,6890 Nevada Alley,350561,N
11878,0 Petterle Plaza,120557,Y
11879,8613 Lotheville Hill,156203,Y
11880,5178 Brentwood Park,293613,Y
11881,1111 Westport Trail,433227,N
11882,64034 Onsgard Court,583063,Y
11883,2665 Oakridge Avenue,508025,N
11884,3556 Maywood Center,228603,N
11885,9594 Chinook Drive,65398,Y
11886,12 Fulton Place,456453,Y
11887,557 Spaight Parkway,21463,Y
11888,1 Eagan Place,574134,N
11889,6 Graceland Terrace,20590,Y
11890,9266 Forest Run Avenue,478079,Y
11891,52687 Evergreen Junction,475946,N
11892,22 Fuller Point,70802,Y
11893,60 Porter Park,124141,N
11894,2078 Laurel Place,43995,Y
11895,2 Golf Course Parkway,543041,N
11896,92 Pine View Parkway,273959,N
11897,4679 Burrows Lane,271688,Y
11898,43 Acker Alley,96159,Y
11899,9919 Acker Avenue,70421,Y
11900,744 Kedzie Trail,319,Y
11901,3354 Chinook Plaza,339846,Y
11902,2006 Kropf Lane,518978,Y
11903,3 Ryan Pass,269957,N
11904,3971 Meadow Valley Parkway,24893,Y
11905,0772 Bayside Center,327644,Y
11906,536 Dottie Lane,167702,Y
11907,856 Menomonie Park,69103,N
11908,9 Rockefeller Junction,168368,N
11909,0 Heath Alley,442664,N
11910,30 Fulton Terrace,107590,N
11911,69 Corben Trail,561422,Y
11912,2347 Kim Point,29542,Y
11913,17128 Grasskamp Hill,185296,N
11914,19713 Forster Hill,320386,N
11915,7743 Hayes Parkway,246696,Y
11916,459 Bluejay Avenue,297625,N
11917,80119 Atwood Parkway,5884,Y
11918,561 David Place,364788,Y
11919,15899 Anhalt Plaza,205475,N
11920,75764 Hayes Hill,281394,N
11921,1 Manufacturers Way,494298,Y
11922,50727 Pleasure Hill,1417,N
11923,10 Sunfield Crossing,566798,N
11924,4 Waxwing Court,131111,N
11925,3032 Grim Circle,58637,N
11926,2274 Artisan Park,92770,Y
11927,07 Oxford Junction,213643,N
11928,80 Bluestem Terrace,161983,Y
11929,48 Rieder Terrace,343613,Y
11930,2792 Barnett Lane,75834,N
11931,6 Evergreen Parkway,551542,N
11932,33955 Graedel Park,192047,N
11933,04294 Beilfuss Terrace,65060,Y
11934,45 Huxley Road,241160,N
11935,06866 South Pass,393001,N
11936,7594 Harbort Junction,349716,Y
11937,0128 Buena Vista Drive,79543,Y
11938,9 Rockefeller Way,96974,Y
11939,8 Holmberg Crossing,595341,N
11940,6749 Green Lane,429810,Y
11941,8 Ryan Avenue,314764,Y
11942,513 Sundown Drive,379740,Y
11943,1064 Ridge Oak Point,318578,N
11944,803 Darwin Pass,407570,Y
11945,86 Green Ridge Street,161297,N
11946,30809 Ludington Alley,269032,N
11947,50 Michigan Court,195913,Y
11948,523 Monica Point,322299,N
11949,5854 Hintze Parkway,535658,Y
11950,00 Graceland Circle,323017,N
11951,30 Pierstorff Road,257041,N
11952,09 Sycamore Terrace,320519,N
11953,480 6th Road,437547,Y
11954,13875 Drewry Court,491540,Y
11955,83568 Prairieview Pass,85059,N
11956,39 Dixon Crossing,279147,N
11957,326 Stuart Crossing,369227,N
11958,1785 Magdeline Way,165336,Y
11959,7094 Fulton Way,104697,N
11960,3848 Walton Place,596939,Y
11961,9 Lakewood Point,394085,N
11962,556 Forest Street,466864,N
11963,9 Del Sol Junction,546501,Y
11964,21 Reinke Place,376295,N
11965,38 Blue Bill Park Lane,584739,Y
11966,5 Emmet Avenue,61750,N
11967,85923 Meadow Vale Plaza,478020,N
11968,18970 Waywood Avenue,357124,Y
11969,9 Mendota Street,501889,N
11970,0 Di Loreto Trail,383515,N
11971,49 Kingsford Alley,457683,Y
11972,49 Ludington Center,58599,N
11973,96 Autumn Leaf Crossing,362728,N
11974,22211 Vernon Hill,524642,Y
11975,971 Swallow Crossing,474005,Y
11976,682 Lighthouse Bay Road,244827,Y
11977,2225 Heath Way,299785,Y
11978,4879 Hudson Terrace,292777,N
11979,83278 Jenifer Plaza,473957,N
11980,8 Eastwood Parkway,509281,N
11981,255 Debra Trail,119123,Y
11982,1 Westend Avenue,381293,Y
11983,73612 Susan Park,27607,Y
11984,769 Northfield Place,95242,N
11985,56367 Vera Pass,438787,N
11986,71 Parkside Parkway,449483,N
11987,164 Continental Street,38977,Y
11988,38 Cascade Place,363631,Y
11989,94 Crowley Park,303692,N
11990,187 Logan Hill,353860,Y
11991,1 Hoepker Place,383606,Y
11992,00 4th Pass,318670,N
11993,87471 Bultman Hill,277602,Y
11994,20 Village Green Place,55788,N
11995,3453 Corry Way,129240,Y
11996,63 Myrtle Drive,416219,N
11997,405 Dunning Alley,217106,Y
11998,44 Coolidge Point,98670,Y
11999,0624 Novick Circle,131919,N
12000,3684 Clyde Gallagher Point,90296,N
12001,4008 Hansons Circle,332462,Y
12002,36602 Goodland Road,544868,N
12003,02 Schlimgen Avenue,68693,N
12004,93 Blackbird Drive,597355,N
12005,2 Quincy Plaza,157438,Y
12006,58 Sutherland Road,544496,N
12007,4633 Coleman Drive,482531,Y
12008,0540 Randy Road,127937,Y
12009,0811 Bartillon Road,388800,Y
12010,30 Arizona Hill,308793,Y
12011,714 Hudson Plaza,397389,N
12012,30189 Nevada Park,138349,N
12013,5503 Ryan Point,222536,Y
12014,133 Knutson Place,479255,N
12015,538 Nova Lane,401907,N
12016,761 Kennedy Pass,546488,N
12017,4957 Donald Court,441313,N
12018,2042 Starling Hill,436842,Y
12019,99 Morning Pass,208753,N
12020,5504 Thackeray Park,123578,Y
12021,64731 Susan Junction,379928,N
12022,93001 Jenna Road,519,N
12023,8337 Kropf Terrace,291105,Y
12024,410 Hayes Way,483793,N
12025,4 Melby Way,541065,N
12026,4355 Merchant Avenue,14812,Y
12027,7 Walton Point,216635,Y
12028,10879 New Castle Circle,308969,N
12029,9622 Birchwood Alley,38159,Y
12030,4641 Scofield Way,540171,N
12031,563 Merchant Hill,302140,N
12032,0447 Ramsey Park,187023,Y
12033,06503 Gerald Drive,84569,Y
12034,7 Hagan Place,467112,N
12035,539 Haas Street,356858,Y
12036,726 Corry Place,292052,Y
12037,56951 Debra Street,592223,Y
12038,987 Monument Avenue,216338,N
12039,810 Moland Center,573051,Y
12040,942 Mccormick Terrace,52255,Y
12041,115 Arkansas Parkway,146867,Y
12042,5081 Hoard Court,352799,N
12043,45 Memorial Park,594645,N
12044,5730 Nancy Plaza,48650,N
12045,5921 Green Avenue,164607,N
12046,665 Jackson Trail,534812,Y
12047,86 Transport Road,562034,Y
12048,4774 Tennyson Point,445713,Y
12049,2905 Arapahoe Point,540064,N
12050,849 Hollow Ridge Plaza,414378,N
12051,45 Reindahl Pass,17718,Y
12052,8 Eastlawn Way,149455,Y
12053,925 Clemons Center,596176,N
12054,7 Portage Trail,278279,N
12055,670 Birchwood Point,567975,N
12056,923 Donald Plaza,546510,N
12057,669 Mcbride Road,201319,N
12058,79 Oneill Plaza,496713,Y
12059,49506 John Wall Junction,147592,N
12060,6 Longview Avenue,23885,N
12061,376 Reindahl Avenue,300876,N
12062,81 Bayside Park,119025,N
12063,3 8th Center,346880,N
12064,46392 Rigney Parkway,421541,N
12065,46751 Bluestem Center,523207,Y
12066,22445 Pond Court,539921,N
12067,6 Scofield Court,547675,N
12068,36 Jay Trail,544783,N
12069,4 Russell Road,121685,Y
12070,70 Stone Corner Road,300439,Y
12071,12463 Superior Place,173214,Y
12072,9 International Place,213132,Y
12073,1869 Rusk Circle,138009,Y
12074,5 Vidon Park,365319,Y
12075,06502 Ludington Point,138920,Y
12076,1 Comanche Plaza,191383,N
12077,04 Fair Oaks Plaza,324625,Y
12078,611 Mallard Lane,317701,Y
12079,3078 Schmedeman Hill,193437,Y
12080,0 Summit Circle,129412,N
12081,78703 Ridgeway Lane,321193,Y
12082,63679 Melby Terrace,577892,Y
12083,517 South Trail,306099,N
12084,2 Pearson Avenue,197989,Y
12085,386 Elka Alley,367167,N
12086,421 Rockefeller Road,292416,Y
12087,4 Bay Place,181637,N
12088,34830 Sunfield Terrace,468386,N
12089,5250 Parkside Terrace,378413,N
12090,42 Green Trail,297940,N
12091,9 Northwestern Park,294414,Y
12092,376 Huxley Park,507491,N
12093,8 Monument Parkway,63819,Y
12094,86524 Maple Hill,228595,N
12095,800 Meadow Ridge Circle,91414,N
12096,90 Eagan Park,219154,N
12097,162 Shelley Lane,580832,N
12098,289 Eastwood Terrace,496323,Y
12099,53 Prairieview Park,220829,Y
12100,86779 Logan Terrace,491048,Y
12101,17346 Oakridge Road,117864,N
12102,0 Troy Hill,347405,Y
12103,7930 Randy Center,37515,Y
12104,0 Schiller Place,443088,Y
12105,198 Moulton Circle,165157,N
12106,6336 Forest Dale Crossing,33921,N
12107,696 Vidon Drive,46564,Y
12108,8 Pennsylvania Road,10240,N
12109,8 Rowland Alley,144603,Y
12110,5299 Green Park,145351,Y
12111,07861 Aberg Place,437434,N
12112,07656 Meadow Vale Park,279638,N
12113,070 Union Park,461526,N
12114,64784 Delladonna Alley,39749,Y
12115,4 Corscot Park,100709,Y
12116,668 Fordem Point,340145,Y
12117,9338 Mesta Hill,197467,Y
12118,25 Nobel Park,169154,N
12119,276 Hanover Crossing,139312,Y
12120,70062 Pleasure Hill,33379,Y
12121,02 Ridge Oak Plaza,269335,Y
12122,519 Thackeray Junction,229777,Y
12123,1 Ridgeview Road,5784,N
12124,95065 Leroy Circle,38213,Y
12125,60 Dexter Center,253419,Y
12126,147 Hoepker Lane,72974,N
12127,411 Lukken Court,127410,Y
12128,8092 Division Avenue,476303,Y
12129,69 Butternut Court,487916,Y
12130,5513 Pankratz Terrace,235993,Y
12131,1145 Barnett Street,317770,N
12132,50276 Vermont Parkway,36408,N
12133,40258 Hanson Crossing,326722,N
12134,2762 Division Plaza,433749,N
12135,75653 Rowland Parkway,23616,Y
12136,1309 Anderson Park,586176,N
12137,90 Lyons Plaza,142006,Y
12138,43 Hansons Crossing,353478,N
12139,38 Tennyson Court,321377,N
12140,9 Lien Park,5437,N
12141,12 Fremont Street,56438,N
12142,68579 Sommers Crossing,425098,Y
12143,5901 Old Shore Court,410589,N
12144,8 Kingsford Lane,195940,N
12145,82 Anhalt Court,494030,Y
12146,52 Thierer Trail,19208,N
12147,77814 Victoria Place,189685,N
12148,2961 Gerald Place,284003,Y
12149,099 Eggendart Junction,177572,N
12150,7841 Warbler Terrace,499046,Y
12151,69 Continental Terrace,386889,Y
12152,4774 Northport Point,463350,N
12153,41 Basil Pass,248080,N
12154,812 Blaine Parkway,151770,N
12155,95 Pawling Crossing,146147,N
12156,753 Rowland Junction,252222,Y
12157,7 3rd Crossing,115930,N
12158,425 Farwell Road,133211,N
12159,88 Basil Road,282027,N
12160,048 Kingsford Park,209697,N
12161,8 Fairfield Alley,483345,N
12162,631 Melrose Circle,452366,Y
12163,35466 Chinook Hill,408684,N
12164,96 Summerview Park,508940,Y
12165,46 Nelson Park,68081,N
12166,4993 Bobwhite Crossing,415033,N
12167,72397 Hovde Trail,404908,N
12168,273 Ronald Regan Way,77934,N
12169,2 Bultman Crossing,193062,Y
12170,2619 Laurel Junction,534243,Y
12171,55242 Farragut Plaza,266507,N
12172,5246 Algoma Center,370163,N
12173,0905 Starling Trail,73080,Y
12174,7 Aberg Pass,576985,Y
12175,033 Buell Center,295576,Y
12176,6916 West Drive,586227,N
12177,523 Rieder Parkway,226826,N
12178,16 Burrows Point,79409,N
12179,07 Fordem Terrace,41604,Y
12180,1364 Shopko Lane,213154,N
12181,341 Barby Alley,166328,N
12182,38 Golf Course Road,351902,Y
12183,883 Moose Alley,67213,N
12184,8 Warrior Crossing,438088,N
12185,470 Algoma Hill,574180,Y
12186,58837 Parkside Terrace,126332,N
12187,366 Rieder Hill,267843,Y
12188,461 Commercial Circle,354513,Y
12189,45 Stoughton Circle,328930,N
12190,5 Surrey Alley,90118,N
12191,02 Bay Junction,439127,N
12192,41 Schlimgen Alley,570068,N
12193,3 Holmberg Pass,310061,N
12194,883 Aberg Court,72615,Y
12195,705 Starling Junction,270956,Y
12196,546 Spenser Trail,184701,Y
12197,9 Leroy Avenue,236324,N
12198,6 Fisk Circle,154308,N
12199,001 Morrow Avenue,320727,N
12200,9 Swallow Park,338807,N
12201,62556 Chinook Drive,444296,Y
12202,4 Springview Alley,206134,Y
12203,00 Forest Dale Plaza,359081,Y
12204,1 Carioca Drive,386590,N
12205,670 Shasta Point,436686,Y
12206,93918 Bobwhite Junction,554864,N
12207,2978 Grim Avenue,270216,N
12208,04 Bartillon Avenue,205528,Y
12209,87 Mcbride Place,59513,N
12210,54 Hollow Ridge Way,264945,N
12211,12325 Truax Road,54201,N
12212,4103 Jana Circle,546281,Y
12213,17 Forest Road,310888,N
12214,3 Forster Hill,175596,N
12215,6261 Garrison Junction,430983,N
12216,75284 Derek Plaza,499251,Y
12217,9361 Forest Run Center,77981,N
12218,27 Forest Dale Alley,453935,N
12219,2918 Marcy Avenue,457753,Y
12220,90 Hintze Alley,25173,Y
12221,4149 Gateway Pass,560241,N
12222,50502 Shoshone Park,58260,N
12223,1 Waywood Drive,426820,Y
12224,9037 Schmedeman Court,141457,Y
12225,72 2nd Drive,392190,Y
12226,0 Buell Park,80582,N
12227,0346 Chinook Parkway,521687,Y
12228,40717 Sachtjen Road,331913,Y
12229,45224 Spohn Road,599189,Y
12230,5 Moose Point,383190,N
12231,1 Delaware Crossing,123682,N
12232,4 Donald Drive,317890,N
12233,15209 Fordem Road,6877,Y
12234,9593 Morrow Street,202163,Y
12235,1 Independence Court,71571,Y
12236,7873 Sycamore Junction,514034,Y
12237,75 Amoth Place,103686,Y
12238,562 Pond Court,472013,N
12239,78890 Express Point,458284,N
12240,8617 Forster Junction,556301,Y
12241,1556 Starling Crossing,288608,N
12242,14 Victoria Hill,235941,Y
12243,725 Village Terrace,354343,N
12244,02 Walton Crossing,525210,Y
12245,02 Southridge Pass,190948,N
12246,8171 Birchwood Terrace,136238,N
12247,08136 Golden Leaf Plaza,367906,Y
12248,05 Eliot Trail,541361,N
12249,7 Bultman Park,202893,Y
12250,874 Hallows Park,367357,N
12251,1683 Northridge Plaza,84281,N
12252,962 Milwaukee Point,436892,N
12253,41846 Spenser Hill,152693,Y
12254,6 Rutledge Drive,321335,N
12255,92789 Sommers Lane,44735,N
12256,33 Stoughton Drive,315891,N
12257,19026 Dawn Park,324201,N
12258,28 Pepper Wood Road,255358,N
12259,689 Johnson Plaza,84890,N
12260,36 Carey Circle,387128,N
