IDALOJAMIENTO,DIRECCION,NUMHABITACION,TIPOHABITACION,TIPOOPHAB
801,28 Larry Circle,580,Compartida,Hostal
802,291 Eastlawn Lane,47,Compartida,Hostal
803,91 Sauthoff Drive,900,Compartida,Hostal
804,50620 Upham Court,57291,Compartida,Hostal
805,8 Dunning Crossing,69,Compartida,Hostal
806,18 John Wall Junction,6,Compartida,Hostal
807,931 Ohio Center,8,Compartida,Hostal
808,3 Onsgard Road,64,Compartida,Hostal
809,7 Mariners Cove Center,24007,Compartida,Hostal
810,7407 Pawling Crossing,12159,Compartida,Hostal
811,5 Moose Trail,0791,Compartida,Hostal
812,4292 Welch Parkway,4809,Compartida,Hostal
813,28346 Vernon Center,310,Compartida,Hostal
814,460 Grim Court,0,Compartida,Hostal
815,56 Glendale Street,4057,Compartida,Hostal
816,320 Mallory Trail,60082,Compartida,Hostal
817,2689 Clarendon Way,053,Compartida,Hostal
818,32036 Hallows Park,71,Compartida,Hostal
819,893 5th Drive,9050,Compartida,Hostal
820,327 Dottie Hill,360,Compartida,Hostal
821,5 Di Loreto Parkway,56987,Compartida,Hostal
822,83785 Heffernan Parkway,865,Compartida,Hostal
823,7 Thompson Plaza,49414,Compartida,Hostal
824,061 Rigney Alley,70,Compartida,Hostal
825,70 Forster Street,75,Compartida,Hostal
826,1413 Coolidge Drive,4009,Compartida,Hostal
827,708 Green Ridge Alley,86,Compartida,Hostal
828,282 Bowman Pass,998,Compartida,Hostal
829,063 Rieder Pass,69,Compartida,Hostal
830,82836 Melrose Lane,9640,Compartida,Hostal
831,362 Stephen Alley,475,Compartida,Hostal
832,764 Scott Crossing,8,Compartida,Hostal
833,6 Pond Avenue,517,Compartida,Hostal
834,762 Mcbride Hill,39,Compartida,Hostal
835,67770 Valley Edge Pass,1743,Compartida,Hostal
836,64798 Grim Circle,881,Compartida,Hostal
837,0 Grover Center,03,Compartida,Hostal
838,17318 Buell Way,53,Compartida,Hostal
839,74 Larry Street,48,Compartida,Hostal
840,525 Harper Parkway,91,Compartida,Hostal
841,412 Lakewood Gardens Place,0,Compartida,Hostal
842,7 Pine View Alley,31,Compartida,Hostal
843,8870 Milwaukee Junction,3,Compartida,Hostal
844,09 Northview Way,670,Compartida,Hostal
845,19361 Harbort Crossing,3423,Compartida,Hostal
846,86216 Hovde Crossing,83321,Compartida,Hostal
847,776 1st Court,313,Compartida,Hostal
848,86 Declaration Junction,72768,Compartida,Hostal
849,167 Pennsylvania Court,83779,Compartida,Hostal
850,1674 Maple Wood Way,3820,Compartida,Hostal
851,01 Merchant Crossing,97,Compartida,Hostal
852,793 Garrison Parkway,11,Compartida,Hostal
853,5 Brentwood Street,3202,Compartida,Hostal
854,79910 Redwing Way,8,Compartida,Hostal
855,7073 Elka Center,08963,Compartida,Hostal
856,63190 Darwin Center,6924,Compartida,Hostal
857,326 Harper Plaza,0262,Compartida,Hostal
858,90 Hooker Court,2925,Compartida,Hostal
859,38553 Waywood Park,9,Compartida,Hostal
860,5 Crownhardt Way,713,Compartida,Hostal
861,2 Eastlawn Parkway,33361,Compartida,Hostal
862,6166 Mendota Circle,4,Compartida,Hostal
863,702 Mcbride Plaza,2,Compartida,Hostal
864,64 Armistice Park,13160,Compartida,Hostal
865,4896 Towne Terrace,5419,Compartida,Hostal
866,0394 Kinsman Avenue,4,Compartida,Hostal
867,06 Lakeland Way,1580,Compartida,Hostal
868,99 Rieder Place,173,Compartida,Hostal
869,185 Sheridan Avenue,6236,Compartida,Hostal
870,42907 Meadow Vale Trail,8998,Compartida,Hostal
871,2118 Dahle Way,505,Compartida,Hostal
872,73250 Eliot Street,1,Compartida,Hostal
873,5516 Myrtle Center,514,Compartida,Hostal
874,54061 La Follette Road,92,Compartida,Hostal
875,3 Comanche Avenue,16798,Compartida,Hostal
876,2569 Schurz Junction,25,Compartida,Hostal
877,39149 Truax Point,01,Compartida,Hostal
878,7196 Vidon Way,3681,Compartida,Hostal
879,56 Kings Alley,193,Compartida,Hostal
880,3 Pearson Court,32030,Compartida,Hostal
881,8 Paget Point,13903,Compartida,Hostal
882,878 Coolidge Way,8,Compartida,Hostal
883,92391 Huxley Street,44,Compartida,Hostal
884,261 Pearson Plaza,97882,Compartida,Hostal
885,4674 Hoffman Trail,86,Compartida,Hostal
886,5129 Spenser Way,620,Compartida,Hostal
887,30 Twin Pines Court,634,Compartida,Hostal
888,06517 Pennsylvania Trail,5,Compartida,Hostal
889,99 Butternut Drive,6991,Compartida,Hostal
890,245 Pine View Drive,65638,Compartida,Hostal
891,4048 Petterle Avenue,49,Compartida,Hostal
892,7865 Glendale Avenue,3,Compartida,Hostal
893,2 Butternut Center,18894,Compartida,Hostal
894,74000 Homewood Avenue,3848,Compartida,Hostal
895,2951 Pearson Trail,421,Compartida,Hostal
896,6579 Jenna Circle,13519,Compartida,Hostal
897,48111 Merrick Lane,89254,Compartida,Hostal
898,4943 Montana Street,01,Compartida,Hostal
899,14 Merrick Drive,55,Compartida,Hostal
900,4665 Algoma Point,18,Compartida,Hostal
901,939 Fallview Center,1,Compartida,Hostal
902,3669 La Follette Terrace,1,Compartida,Hostal
903,28 Loomis Drive,5655,Compartida,Hostal
904,97808 Doe Crossing Point,2765,Compartida,Hostal
905,6 Butterfield Junction,0999,Compartida,Hostal
906,24 Service Parkway,7,Compartida,Hostal
907,0 Hayes Place,6705,Compartida,Hostal
908,7757 Manufacturers Hill,96,Compartida,Hostal
909,2600 Onsgard Avenue,580,Compartida,Hostal
910,167 Northridge Plaza,520,Compartida,Hostal
911,49691 Dorton Trail,2669,Compartida,Hostal
912,58 Trailsway Junction,5,Compartida,Hostal
913,0098 Nancy Terrace,06648,Compartida,Hostal
914,78 Muir Lane,8,Compartida,Hostal
915,32 Stephen Street,11834,Compartida,Hostal
916,168 Bay Crossing,99103,Compartida,Hostal
917,43887 Eggendart Parkway,99,Compartida,Hostal
918,9841 Holmberg Road,01,Compartida,Hostal
919,7 Dakota Street,45425,Compartida,Hostal
920,56 Thompson Terrace,10,Compartida,Hostal
921,7420 Esch Circle,00,Compartida,Hostal
922,3080 Roxbury Way,1730,Compartida,Hostal
923,1858 Iowa Circle,6,Compartida,Hostal
924,65 Briar Crest Point,6,Compartida,Hostal
925,4 Dayton Street,63,Compartida,Hostal
926,46 Warrior Plaza,95,Compartida,Hostal
927,1 Morningstar Center,6672,Compartida,Hostal
928,05356 Arizona Park,53,Compartida,Hostal
929,5287 Walton Circle,609,Compartida,Hostal
930,5404 Fuller Alley,3,Compartida,Hostal
931,47 Tennessee Avenue,3,Compartida,Hostal
932,92626 Westridge Crossing,1,Compartida,Hostal
933,43 Sunfield Place,4,Compartida,Hostal
934,7432 Nancy Center,1,Compartida,Hostal
935,7 Summerview Lane,302,Compartida,Hostal
936,1 Nevada Drive,356,Compartida,Hostal
937,23 Shopko Place,2339,Compartida,Hostal
938,58 Coleman Pass,4702,Compartida,Hostal
939,6355 Leroy Court,39,Compartida,Hostal
940,968 Northridge Court,0478,Compartida,Hostal
941,0 Division Point,325,Compartida,Hostal
942,10 Mcbride Court,95030,Compartida,Hostal
943,04366 Myrtle Hill,0471,Compartida,Hostal
944,5 Harper Alley,44256,Compartida,Hostal
945,41 Spohn Alley,85190,Compartida,Hostal
946,64767 Bunker Hill Road,58190,Compartida,Hostal
947,25 Mayer Place,078,Compartida,Hostal
948,9084 Mifflin Circle,5,Compartida,Hostal
949,401 Kingsford Circle,03327,Compartida,Hostal
950,18 Melvin Plaza,220,Compartida,Hostal
951,046 Menomonie Avenue,22,Compartida,Hostal
952,605 Sachtjen Lane,08,Compartida,Hostal
953,8 Monterey Park,127,Compartida,Hostal
954,7308 Ridgeway Way,7,Compartida,Hostal
955,6295 Bunting Court,52829,Compartida,Hostal
956,37600 Pierstorff Junction,26,Compartida,Hostal
957,20764 Holy Cross Park,63744,Compartida,Hostal
958,18 Dryden Crossing,52925,Compartida,Hostal
959,67917 La Follette Alley,5841,Compartida,Hostal
960,19680 Sheridan Center,760,Compartida,Hostal
961,943 Chinook Plaza,4,Compartida,Hostal
962,216 Anniversary Avenue,0,Compartida,Hostal
963,13774 Kim Circle,59894,Compartida,Hostal
964,944 Troy Way,8,Compartida,Hostal
965,319 Johnson Circle,0,Compartida,Hostal
966,60 Drewry Avenue,77189,Compartida,Hostal
967,62221 Scott Lane,95,Compartida,Hostal
968,02 Crownhardt Terrace,12,Compartida,Hostal
969,645 Jackson Court,87245,Compartida,Hostal
970,86 Jenifer Alley,7,Compartida,Hostal
971,19 Evergreen Trail,9,Compartida,Hostal
972,3547 Rigney Pass,787,Compartida,Hostal
973,3698 Arizona Way,1,Compartida,Hostal
974,82956 Florence Circle,63,Compartida,Hostal
975,00115 Kedzie Road,00,Compartida,Hostal
976,637 Hermina Alley,05,Compartida,Hostal
977,3907 Mendota Parkway,844,Compartida,Hostal
978,10 Miller Road,9,Compartida,Hostal
979,31866 Buell Hill,0974,Compartida,Hostal
980,3 Birchwood Alley,1997,Compartida,Hostal
981,5 Browning Circle,074,Compartida,Hostal
982,9 Kennedy Junction,3,Compartida,Hostal
983,5971 Charing Cross Plaza,8083,Compartida,Hostal
984,5 Hermina Crossing,57,Compartida,Hostal
985,73 Vermont Drive,7152,Compartida,Hostal
986,46926 Norway Maple Parkway,85,Compartida,Hostal
987,8 Bunting Point,7363,Compartida,Hostal
988,0 Homewood Street,7031,Compartida,Hostal
989,27 Cardinal Circle,52,Compartida,Hostal
990,13 Green Ridge Drive,32,Compartida,Hostal
991,6 Dwight Crossing,537,Compartida,Hostal
992,87028 Mayer Avenue,592,Compartida,Hostal
993,68825 Thierer Plaza,722,Compartida,Hostal
994,93 Waxwing Plaza,550,Compartida,Hostal
995,8284 Heath Avenue,44566,Compartida,Hostal
996,41712 Scoville Plaza,0474,Compartida,Hostal
997,7 Mccormick Court,7752,Compartida,Hostal
998,691 Springs Parkway,88,Compartida,Hostal
999,81 Manitowish Alley,633,Compartida,Hostal
1000,3 Orin Avenue,04,Compartida,Hostal
1001,623 Hazelcrest Alley,50,Compartida,Hostal
1002,670 Hovde Way,50131,Compartida,Hostal
1003,79 Del Mar Park,49691,Compartida,Hostal
1004,723 Chive Crossing,4359,Compartida,Hostal
1005,619 Hoard Terrace,97,Compartida,Hostal
1006,8 Gale Way,9,Compartida,Hostal
1007,04173 1st Drive,35300,Compartida,Hostal
1008,6823 Coleman Drive,3856,Compartida,Hostal
1009,853 Boyd Terrace,15416,Compartida,Hostal
1010,5 Charing Cross Point,719,Compartida,Hostal
1011,5211 Cambridge Street,091,Compartida,Hostal
1012,6 Hermina Circle,665,Compartida,Hostal
1013,586 Vahlen Court,2009,Compartida,Hostal
1014,7973 Village Street,645,Compartida,Hostal
1015,0647 Logan Crossing,81418,Compartida,Hostal
1016,81498 Little Fleur Street,84737,Compartida,Hostal
1017,0 Trailsway Center,156,Compartida,Hostal
1018,51921 Mosinee Junction,1,Compartida,Hostal
1019,975 Dahle Center,96,Compartida,Hostal
1020,45 Huxley Street,29,Compartida,Hostal
1021,09 Canary Road,1,Compartida,Hostal
1022,2144 Russell Center,75979,Compartida,Hostal
1023,09078 Carpenter Court,8,Compartida,Hostal
1024,36973 Forest Dale Avenue,0,Compartida,Hostal
1025,09 Ohio Trail,97472,Compartida,Hostal
1026,0 Acker Way,600,Compartida,Hostal
1027,35 Melby Avenue,5835,Compartida,Hostal
1028,77694 Buhler Parkway,3,Compartida,Hostal
1029,70 Garrison Terrace,04906,Compartida,Hostal
1030,6 Luster Hill,2616,Compartida,Hostal
1031,11377 Warrior Point,68,Compartida,Hostal
1032,46605 Division Road,1101,Compartida,Hostal
1033,6 Warbler Center,83321,Compartida,Hostal
1034,6 Grasskamp Street,553,Compartida,Hostal
1035,8 Jana Way,47,Compartida,Hostal
1036,91 Pawling Place,2559,Compartida,Hostal
1037,3 Ridge Oak Court,4646,Compartida,Hostal
1038,050 Harper Lane,6,Compartida,Hostal
1039,2226 Express Place,16714,Compartida,Hostal
1040,45371 Welch Court,18,Compartida,Hostal
1041,0696 Banding Road,395,Compartida,Hostal
1042,3 Helena Road,3,Compartida,Hostal
1043,41018 Elgar Trail,617,Compartida,Hostal
1044,7 Haas Street,362,Compartida,Hostal
1045,575 Caliangt Road,97,Compartida,Hostal
1046,2 West Center,936,Compartida,Hostal
1047,5655 Loftsgordon Drive,5467,Compartida,Hostal
1048,49563 Logan Drive,26464,Compartida,Hostal
1049,43861 Bashford Hill,22,Compartida,Hostal
1050,63 Grover Plaza,9935,Compartida,Hostal
1051,00 Dottie Junction,2550,Compartida,Hostal
1052,8240 Packers Way,325,Compartida,Hostal
1053,77052 Pearson Center,509,Compartida,Hostal
1054,07 Truax Road,16,Compartida,Hostal
1055,51616 Clove Street,6,Compartida,Hostal
1056,3807 Burrows Avenue,25043,Compartida,Hostal
1057,58744 Pawling Park,73104,Compartida,Hostal
1058,00 Morning Lane,97134,Compartida,Hostal
1059,663 Mayfield Place,0991,Compartida,Hostal
1060,038 Aberg Plaza,49,Compartida,Hostal
1061,22 Ryan Place,28,Compartida,Hostal
1062,880 Grover Lane,8335,Compartida,Hostal
1063,2 Daystar Parkway,61790,Compartida,Hostal
1064,89 Heffernan Park,076,Compartida,Hostal
1065,14579 Butterfield Avenue,306,Compartida,Hostal
1066,1 Jenna Parkway,38,Compartida,Hostal
1067,2 Randy Road,1820,Compartida,Hostal
1068,69 Derek Terrace,7550,Compartida,Hostal
1069,43199 Becker Court,86,Compartida,Hostal
1070,88388 Fremont Place,3,Compartida,Hostal
1071,9 Lunder Trail,5,Compartida,Hostal
1072,866 Alpine Point,6,Compartida,Hostal
1073,93008 Waubesa Pass,85607,Compartida,Hostal
1074,964 Utah Way,343,Compartida,Hostal
1075,9 Clyde Gallagher Lane,386,Compartida,Hostal
1076,9 Bluestem Drive,48,Compartida,Hostal
1077,0722 Sullivan Place,4,Compartida,Hostal
1078,6 Eggendart Point,47,Compartida,Hostal
1079,290 Melby Hill,27,Compartida,Hostal
1080,9248 Esch Road,37,Compartida,Hostal
1081,4082 Nobel Pass,2717,Compartida,Hostal
1082,4865 Kensington Park,7864,Compartida,Hostal
1083,683 Dayton Hill,23,Compartida,Hostal
1084,6 Gerald Parkway,40,Compartida,Hostal
1085,6695 Dunning Avenue,9551,Compartida,Hostal
1086,1 Goodland Circle,75,Compartida,Hostal
1087,8687 3rd Parkway,9,Compartida,Hostal
1088,403 Grasskamp Street,7,Compartida,Hostal
1089,08499 Bayside Circle,51305,Compartida,Hostal
1090,247 8th Center,51,Compartida,Hostal
1091,56 Sunnyside Circle,422,Compartida,Hostal
1092,83 Debra Center,331,Compartida,Hostal
1093,37768 Nobel Avenue,37547,Compartida,Hostal
1094,9 Commercial Park,5096,Compartida,Hostal
1095,14982 Duke Point,078,Compartida,Hostal
1096,84860 Kennedy Hill,465,Compartida,Hostal
1097,5535 Almo Point,31659,Compartida,Hostal
1098,67662 Golf Course Trail,03683,Compartida,Hostal
1099,052 Meadow Vale Parkway,68,Compartida,Hostal
1100,386 Merry Circle,4184,Compartida,Hostal
1101,512 Heath Drive,01427,Compartida,Hostal
1102,1 Namekagon Alley,027,Compartida,Hostal
1103,613 Granby Lane,43593,Compartida,Hostal
1104,2 Debs Park,20437,Compartida,Hostal
1105,91 Hansons Street,64610,Compartida,Hostal
1106,55368 Barnett Alley,1,Compartida,Hostal
1107,5 Straubel Lane,731,Compartida,Hostal
1108,0 Pawling Lane,2,Compartida,Hostal
1109,5905 Farmco Point,7119,Compartida,Hostal
1110,48 Loftsgordon Court,23459,Compartida,Hostal
1111,15 Corben Point,600,Compartida,Hostal
1112,3 Fremont Junction,9,Compartida,Hostal
1113,4925 Bayside Park,8919,Compartida,Hostal
1114,1 Victoria Terrace,28,Compartida,Hostal
1115,1 Haas Way,1,Compartida,Hostal
1116,9 Morningstar Street,64683,Compartida,Hostal
1117,4 Norway Maple Center,87296,Compartida,Hostal
1118,284 Gulseth Parkway,48,Compartida,Hostal
1119,57 Novick Drive,433,Compartida,Hostal
1120,97 Coleman Circle,37,Compartida,Hostal
1121,10033 Sauthoff Point,359,Compartida,Hostal
1122,01 Dunning Parkway,2785,Compartida,Hostal
1123,8631 Sherman Park,8227,Compartida,Hostal
1124,48557 Fieldstone Hill,65415,Compartida,Hostal
1125,412 Ohio Junction,3,Compartida,Hostal
1126,605 Portage Avenue,96946,Compartida,Hostal
1127,62 Loomis Circle,5505,Compartida,Hostal
1128,95746 Cottonwood Trail,75580,Compartida,Hostal
1129,924 Veith Way,93383,Compartida,Hostal
1130,26501 New Castle Street,08183,Compartida,Hostal
1131,7907 Mcbride Point,2324,Compartida,Hostal
1132,9 Prairieview Crossing,99,Compartida,Hostal
1133,0253 Dixon Avenue,388,Compartida,Hostal
1134,14 Sunnyside Plaza,47964,Compartida,Hostal
1135,53949 Vera Park,4,Compartida,Hostal
1136,5705 Forster Center,17892,Compartida,Hostal
1137,80 Thierer Crossing,0411,Compartida,Hostal
1138,89927 Hazelcrest Court,2219,Compartida,Hostal
1139,46 Fairfield Street,1767,Compartida,Hostal
1140,72 Mayfield Court,1,Compartida,Hostal
1141,457 Barby Pass,77976,Compartida,Hostal
1142,790 Thackeray Circle,80,Compartida,Hostal
1143,598 Fallview Park,134,Compartida,Hostal
1144,72 Esch Road,1,Compartida,Hostal
1145,1 Oriole Point,755,Compartida,Hostal
1146,453 Lindbergh Drive,62443,Compartida,Hostal
1147,4 Troy Way,37,Compartida,Hostal
1148,40 Crownhardt Drive,30046,Compartida,Hostal
1149,910 Dixon Way,3,Compartida,Hostal
1150,4 Karstens Place,7,Compartida,Hostal
1151,9 Mosinee Center,2137,Compartida,Hostal
1152,9 Larry Crossing,5,Compartida,Hostal
1153,549 Amoth Junction,58074,Compartida,Hostal
1154,776 Stuart Trail,09785,Compartida,Hostal
1155,9029 Raven Drive,66,Compartida,Hostal
1156,42 Hooker Plaza,55,Compartida,Hostal
1157,2 Summerview Park,35808,Compartida,Hostal
1158,51 Corscot Crossing,1,Compartida,Hostal
1159,97 Brown Crossing,027,Compartida,Hostal
1160,2 Arapahoe Terrace,45346,Compartida,Hostal
1161,714 Fuller Hill,99158,Compartida,Hostal
1162,7287 Kinsman Center,82,Compartida,Hostal
1163,1963 Clove Lane,63452,Compartida,Hostal
1164,00 Jenna Pass,10,Compartida,Hostal
1165,478 Coleman Drive,62,Compartida,Hostal
1166,00 Buell Court,444,Compartida,Hostal
1167,5376 Mallard Terrace,5,Compartida,Hostal
1168,47316 Northfield Park,0870,Compartida,Hostal
1169,341 Knutson Avenue,89,Compartida,Hostal
1170,2 Butterfield Parkway,9594,Compartida,Hostal
1171,6175 Cardinal Avenue,0,Compartida,Hostal
1172,32 Ruskin Trail,20535,Compartida,Hostal
1173,0 Monument Avenue,50067,Compartida,Hostal
1174,84444 Vermont Hill,50484,Compartida,Hostal
1175,710 Crownhardt Terrace,784,Compartida,Hostal
1176,392 Cambridge Parkway,4239,Compartida,Hostal
1177,6 Vidon Drive,76,Compartida,Hostal
1178,816 Westridge Center,67890,Compartida,Hostal
1179,14 4th Point,6,Compartida,Hostal
1180,342 Huxley Center,279,Compartida,Hostal
1181,359 Prentice Road,7947,Compartida,Hostal
1182,0897 Lakeland Drive,99,Compartida,Hostal
1183,921 Tomscot Junction,209,Compartida,Hostal
1184,6556 Superior Center,660,Compartida,Hostal
1185,8 Glacier Hill Circle,82999,Compartida,Hostal
1186,5447 Donald Plaza,25552,Compartida,Hostal
1187,54 Barby Pass,49020,Compartida,Hostal
1188,17782 Lawn Point,464,Compartida,Hostal
1189,363 Novick Road,7,Compartida,Hostal
1190,848 Glacier Hill Park,33,Compartida,Hostal
1191,78 Eliot Street,7,Compartida,Hostal
1192,1042 Spenser Pass,494,Compartida,Hostal
1193,5 Bayside Junction,971,Compartida,Hostal
1194,645 Dawn Parkway,0,Compartida,Hostal
1195,133 Schlimgen Road,9,Compartida,Hostal
1196,2 Pankratz Junction,9,Compartida,Hostal
1197,337 Bunker Hill Trail,2,Compartida,Hostal
1198,3 Killdeer Hill,44438,Compartida,Hostal
1199,62 Eagle Crest Terrace,23179,Compartida,Hostal
1200,7 Elgar Parkway,7,Compartida,Hostal
1201,4 Pennsylvania Center,93,Compartida,Hostal
1202,2950 Ridge Oak Alley,48,Compartida,Hostal
1203,08 Waywood Drive,40,Compartida,Hostal
1204,65 Farmco Center,40,Compartida,Hostal
1205,71 Golf View Center,2090,Compartida,Hostal
1206,4166 Burning Wood Pass,288,Compartida,Hostal
1207,973 Hoepker Terrace,01,Compartida,Hostal
1208,9 Mcguire Court,40,Compartida,Hostal
1209,8663 Lerdahl Street,1,Compartida,Hostal
1210,87951 Express Crossing,9,Compartida,Hostal
1211,7706 Myrtle Place,60,Compartida,Hostal
1212,8863 Bayside Court,958,Compartida,Hostal
1213,9 East Park,5734,Compartida,Hostal
1214,594 Anniversary Court,94077,Compartida,Hostal
1215,428 Armistice Junction,985,Compartida,Hostal
1216,32 Harbort Junction,37611,Compartida,Hostal
1217,51 Westend Center,701,Compartida,Hostal
1218,3622 Hayes Crossing,79,Compartida,Hostal
1219,15300 Debs Circle,196,Compartida,Hostal
1220,0 Golf Terrace,2,Compartida,Hostal
1221,5059 Mcbride Court,90,Compartida,Hostal
1222,23435 Killdeer Hill,95,Compartida,Hostal
1223,19544 Hintze Avenue,6989,Compartida,Hostal
1224,5 Anthes Drive,7,Compartida,Hostal
1225,7 Lakewood Gardens Parkway,7,Compartida,Hostal
1226,85597 Village Green Crossing,81,Compartida,Hostal
1227,77 Nova Place,60791,Compartida,Hostal
1228,701 David Road,31,Compartida,Hostal
1229,963 Bultman Road,7891,Compartida,Hostal
1230,0157 Logan Parkway,093,Compartida,Hostal
1231,3 Eliot Alley,89060,Compartida,Hostal
1232,065 Pierstorff Lane,5,Compartida,Hostal
1233,972 Buena Vista Crossing,3,Compartida,Hostal
1234,9 Rowland Hill,789,Compartida,Hostal
1235,15594 Sachtjen Junction,90,Compartida,Hostal
1236,88555 Hollow Ridge Hill,5,Compartida,Hostal
1237,464 Upham Junction,0,Compartida,Hostal
1238,658 Pine View Court,4223,Compartida,Hostal
1239,8 Maple Wood Point,5852,Compartida,Hostal
1240,193 Hermina Alley,838,Compartida,Hostal
1241,134 Scoville Junction,1,Compartida,Hostal
1242,47210 Rigney Junction,862,Compartida,Hostal
1243,90 Westridge Street,85110,Compartida,Hostal
1244,230 Independence Junction,15,Compartida,Hostal
1245,292 Nova Alley,3315,Compartida,Hostal
1246,25828 Sheridan Lane,3,Compartida,Hostal
1247,009 Claremont Plaza,15,Compartida,Hostal
1248,91233 Sutherland Hill,70017,Compartida,Hostal
1249,810 Cody Center,447,Compartida,Hostal
1250,6 Loftsgordon Drive,8463,Compartida,Hostal
1251,9 Debra Circle,2,Compartida,Hostal
1252,6 Almo Drive,329,Compartida,Hostal
1253,61 Fisk Drive,004,Compartida,Hostal
1254,68 Loftsgordon Plaza,9,Compartida,Hostal
1255,63 Grasskamp Road,175,Compartida,Hostal
1256,2 Sherman Trail,022,Compartida,Hostal
1257,88643 Elmside Avenue,4523,Compartida,Hostal
1258,50 Grayhawk Circle,94931,Compartida,Hostal
1259,44678 Burrows Pass,70,Compartida,Hostal
1260,80661 Delladonna Road,7251,Compartida,Hostal
1261,26 Morningstar Street,61168,Compartida,Hostal
1262,5 Corscot Plaza,9,Compartida,Hostal
1263,8250 Moulton Court,16635,Compartida,Hostal
1264,26517 Dakota Park,59,Compartida,Hostal
1265,3741 Utah Road,5,Compartida,Hostal
1266,327 Nevada Parkway,83204,Compartida,Hostal
1267,10789 Sunbrook Street,820,Compartida,Hostal
1268,1 Morningstar Trail,44,Compartida,Hostal
1269,79 Darwin Park,9306,Compartida,Hostal
1270,51 Bashford Avenue,77,Compartida,Hostal
1271,516 Bobwhite Drive,83,Compartida,Hostal
1272,2 Eagan Court,5,Compartida,Hostal
1273,447 Redwing Place,0,Compartida,Hostal
1274,79798 Waubesa Alley,37,Compartida,Hostal
1275,92142 Haas Park,0683,Compartida,Hostal
1276,28258 Holmberg Center,0180,Compartida,Hostal
1277,65453 Grasskamp Park,004,Compartida,Hostal
1278,87 Dayton Junction,836,Compartida,Hostal
1279,1501 Westend Circle,031,Compartida,Hostal
1280,5412 Valley Edge Lane,6013,Compartida,Hostal
1281,686 Lyons Alley,9,Compartida,Hostal
1282,655 Dennis Street,145,Compartida,Hostal
1283,94475 Kipling Street,6344,Compartida,Hostal
1284,8 Eliot Hill,1811,Compartida,Hostal
1285,5 Esch Junction,4,Compartida,Hostal
1286,6489 Trailsway Point,919,Compartida,Hostal
1287,00 Farwell Drive,93,Compartida,Hostal
1288,83 Eastlawn Avenue,85,Compartida,Hostal
1289,89119 Dovetail Lane,51,Compartida,Hostal
1290,4137 Fairfield Center,5727,Compartida,Hostal
1291,322 Forster Way,3,Compartida,Hostal
1292,0342 Gina Place,6,Compartida,Hostal
1293,95618 Emmet Place,6082,Compartida,Hostal
1294,52094 Melrose Park,628,Compartida,Hostal
1295,88 Morrow Lane,4306,Compartida,Hostal
1296,1 Talmadge Park,277,Compartida,Hostal
1297,211 Bowman Way,28,Compartida,Hostal
1298,27 Pankratz Plaza,7989,Compartida,Hostal
1299,24382 Service Place,7,Compartida,Hostal
1300,06 Scoville Plaza,083,Compartida,Hostal
1301,8126 8th Avenue,30015,Compartida,Hostal
1302,035 Dunning Parkway,32100,Compartida,Hostal
1303,36478 Dakota Place,4,Compartida,Hostal
1304,009 Hayes Point,0449,Compartida,Hostal
1305,32437 Clarendon Park,74308,Compartida,Hostal
1306,41937 Mendota Pass,23308,Compartida,Hostal
1307,428 Pearson Avenue,80197,Compartida,Hostal
1308,91694 Everett Plaza,3046,Compartida,Hostal
1309,058 Schlimgen Drive,99709,Compartida,Hostal
1310,5644 American Park,381,Compartida,Hostal
1311,75610 Jackson Street,64,Compartida,Hostal
1312,67652 Loftsgordon Drive,012,Compartida,Hostal
1313,6 Derek Parkway,6,Compartida,Hostal
1314,64014 Rockefeller Street,1,Compartida,Hostal
1315,0 Shelley Hill,04,Compartida,Hostal
1316,033 Shopko Road,3,Compartida,Hostal
1317,2739 Schiller Center,64,Compartida,Hostal
1318,4380 Acker Pass,736,Compartida,Hostal
1319,13 Lakewood Street,9,Compartida,Hostal
1320,1179 Lyons Way,3,Compartida,Hostal
1321,13 Calypso Avenue,17087,Compartida,Hostal
1322,2197 Merry Avenue,56098,Compartida,Hostal
1323,73244 Surrey Alley,6,Compartida,Hostal
1324,85 Darwin Junction,27914,Compartida,Hostal
1325,9305 International Way,6777,Compartida,Hostal
1326,650 Continental Center,4625,Compartida,Hostal
1327,8 Emmet Circle,9473,Compartida,Hostal
1328,3948 Old Shore Center,51609,Compartida,Hostal
1329,424 Hagan Pass,2155,Compartida,Hostal
1330,4921 Prentice Junction,9,Compartida,Hostal
1331,60962 Corscot Trail,7019,Compartida,Hostal
1332,5416 Pankratz Terrace,5,Compartida,Hostal
1333,8 Scott Point,556,Compartida,Hostal
1334,25 Maple Trail,5,Compartida,Hostal
1335,441 Sycamore Place,9,Compartida,Hostal
1336,7444 East Way,27,Compartida,Hostal
1337,7 Pine View Court,88,Compartida,Hostal
1338,59 Farragut Road,8,Compartida,Hostal
1339,4 Buena Vista Parkway,962,Compartida,Hostal
1340,9434 Starling Point,76,Compartida,Hostal
1341,2 Marcy Park,5,Compartida,Hostal
1342,49418 Columbus Way,19872,Compartida,Hostal
1343,468 Messerschmidt Center,6196,Compartida,Hostal
1344,546 Springview Center,26061,Compartida,Hostal
1345,1 Rockefeller Point,5271,Compartida,Hostal
1346,81 Forest Plaza,452,Compartida,Hostal
1347,8263 Derek Plaza,55,Compartida,Hostal
1348,6336 Fair Oaks Court,959,Compartida,Hostal
1349,7 Florence Park,62642,Compartida,Hostal
1350,07624 Prairie Rose Crossing,06820,Compartida,Hostal
1351,354 Redwing Junction,5,Compartida,Hostal
1352,31535 Debra Plaza,71526,Compartida,Hostal
1353,6565 Northview Pass,5352,Compartida,Hostal
1354,0 Union Terrace,2536,Compartida,Hostal
1355,829 High Crossing Street,08,Compartida,Hostal
1356,55503 Surrey Road,999,Compartida,Hostal
1357,82369 Carioca Hill,9,Compartida,Hostal
1358,131 Corben Avenue,4,Compartida,Hostal
1359,12 Farmco Avenue,699,Compartida,Hostal
1360,98244 Melody Circle,196,Compartida,Hostal
1361,8 Monterey Alley,6,Compartida,Hostal
1362,444 Hauk Drive,8476,Compartida,Hostal
1363,4556 Judy Park,057,Compartida,Hostal
1364,36638 Dryden Hill,1920,Compartida,Hostal
1365,405 Cascade Street,68,Compartida,Hostal
1366,218 Troy Lane,1,Compartida,Hostal
1367,1109 Sutteridge Alley,2088,Compartida,Hostal
1368,72 Meadow Ridge Alley,5608,Compartida,Hostal
1369,506 Grasskamp Place,71,Compartida,Hostal
1370,21288 Stuart Road,76781,Compartida,Hostal
1371,69369 Forest Run Drive,87185,Compartida,Hostal
1372,9 6th Pass,15030,Compartida,Hostal
1373,8474 Manufacturers Lane,15,Compartida,Hostal
1374,768 Michigan Road,62,Compartida,Hostal
1375,5 Summit Center,99,Compartida,Hostal
1376,2457 Myrtle Hill,25,Compartida,Hostal
1377,74 Village Trail,67,Compartida,Hostal
1378,118 Talmadge Circle,950,Compartida,Hostal
1379,804 Hansons Drive,4865,Compartida,Hostal
1380,0 International Center,061,Compartida,Hostal
1381,82218 Beilfuss Center,20172,Compartida,Hostal
1382,727 Summer Ridge Road,5572,Compartida,Hostal
1383,4349 Trailsway Lane,1391,Compartida,Hostal
1384,56400 Vahlen Road,07982,Compartida,Hostal
1385,27 Marcy Trail,2,Compartida,Hostal
1386,266 Meadow Valley Alley,9,Compartida,Hostal
1387,3311 Vermont Pass,3,Compartida,Hostal
1388,47 Superior Place,73933,Compartida,Hostal
1389,56594 Holmberg Trail,6191,Compartida,Hostal
1390,4812 Main Court,1330,Compartida,Hostal
1391,1 Ronald Regan Park,17,Compartida,Hostal
1392,7 Springs Terrace,56486,Compartida,Hostal
1393,98 Columbus Point,46834,Compartida,Hostal
1394,470 Bluestem Lane,9674,Compartida,Hostal
1395,816 Larry Circle,37,Compartida,Hostal
1396,72745 Vernon Circle,5381,Compartida,Hostal
1397,6146 Kipling Terrace,82235,Compartida,Hostal
1398,8459 Lunder Avenue,4,Compartida,Hostal
1399,35530 Colorado Avenue,18,Compartida,Hostal
1400,7152 Buena Vista Trail,804,Compartida,Hostal
1401,3 Algoma Drive,6804,Compartida,Hostal
1402,0403 Sullivan Hill,0703,Compartida,Hostal
1403,49 Crest Line Pass,238,Compartida,Hostal
1404,7517 Gina Avenue,57,Compartida,Hostal
1405,671 John Wall Place,37603,Compartida,Hostal
1406,2151 Elmside Place,97,Compartida,Hostal
1407,938 Mcbride Parkway,91,Compartida,Hostal
1408,20973 Granby Plaza,626,Compartida,Hostal
1409,18354 Cambridge Avenue,8440,Compartida,Hostal
1410,481 Daystar Road,293,Compartida,Hostal
1411,61 Summit Trail,967,Compartida,Hostal
1412,17 Brown Hill,8,Compartida,Hostal
1413,3661 Columbus Point,8463,Compartida,Hostal
1414,0049 Waxwing Way,833,Compartida,Hostal
1415,0 Blaine Center,641,Compartida,Hostal
1416,11373 Tomscot Crossing,76254,Compartida,Hostal
1417,45437 Jenna Hill,9526,Compartida,Hostal
1418,17327 Marquette Crossing,06435,Compartida,Hostal
1419,1712 Crest Line Avenue,7,Compartida,Hostal
1420,4016 Clove Court,48151,Compartida,Hostal
1421,080 Manley Plaza,63437,Compartida,Hostal
1422,7 Sachs Crossing,71,Compartida,Hostal
1423,814 Everett Plaza,3001,Compartida,Hostal
1424,6345 Gale Place,2,Compartida,Hostal
1425,80 Monument Court,605,Compartida,Hostal
1426,6345 Pennsylvania Lane,721,Compartida,Hostal
1427,104 Schurz Alley,0193,Compartida,Hostal
1428,280 Bay Terrace,34317,Compartida,Hostal
1429,01 Namekagon Way,65805,Compartida,Hostal
1430,754 Russell Street,0,Compartida,Hostal
1431,93007 Ridgeview Crossing,4,Compartida,Hostal
1432,92744 Mcguire Drive,6,Compartida,Hostal
1433,0724 Stoughton Way,8,Compartida,Hostal
1434,9393 Blackbird Way,7,Compartida,Hostal
1435,0 Merry Way,49487,Compartida,Hostal
1436,111 Stang Avenue,551,Compartida,Hostal
1437,297 Spenser Avenue,3024,Compartida,Hostal
1438,49943 Mcguire Park,09,Compartida,Hostal
1439,7326 Victoria Trail,31,Compartida,Hostal
1440,0 Grayhawk Circle,062,Compartida,Hostal
1441,9241 Kingsford Point,9,Compartida,Hostal
1442,5398 Lien Drive,3825,Compartida,Hostal
1443,8930 Kropf Drive,88124,Compartida,Hostal
1444,873 Pennsylvania Road,0,Compartida,Hostal
1445,9 Sullivan Crossing,3,Compartida,Hostal
1446,5264 Sunbrook Parkway,963,Compartida,Hostal
1447,06032 Leroy Center,63,Compartida,Hostal
1448,84161 Express Plaza,44,Compartida,Hostal
1449,4 Buhler Point,329,Compartida,Hostal
1450,75791 Riverside Terrace,67,Compartida,Hostal
1451,310 Anzinger Plaza,2,Compartida,Hostal
1452,366 Rigney Drive,583,Compartida,Hostal
1453,3525 Longview Hill,55296,Compartida,Hostal
1454,8677 Doe Crossing Point,3344,Compartida,Hostal
1455,3 Sutteridge Pass,0708,Compartida,Hostal
1456,3 Mitchell Street,3617,Compartida,Hostal
1457,45178 Hollow Ridge Place,63188,Compartida,Hostal
1458,95 Troy Road,27526,Compartida,Hostal
1459,86486 Green Ridge Point,37428,Compartida,Hostal
1460,6 Carpenter Park,30,Compartida,Hostal
1461,7 Spohn Road,43,Compartida,Hostal
1462,73777 Columbus Crossing,00,Compartida,Hostal
1463,399 Express Alley,50333,Compartida,Hostal
1464,84 Gateway Place,613,Compartida,Hostal
1465,6864 Hooker Point,9629,Compartida,Hostal
1466,217 Arrowood Street,559,Compartida,Hostal
1467,96 Merchant Crossing,5,Compartida,Hostal
1468,040 Lien Center,45959,Compartida,Hostal
1469,4246 Esker Plaza,53,Compartida,Hostal
1470,8219 Coolidge Parkway,69,Compartida,Hostal
1471,5668 Fair Oaks Parkway,079,Compartida,Hostal
1472,75 Debs Lane,34626,Compartida,Hostal
1473,95797 Butterfield Center,027,Compartida,Hostal
1474,11 8th Circle,31,Compartida,Hostal
1475,9 Mandrake Circle,904,Compartida,Hostal
1476,29 Merry Place,97,Compartida,Hostal
1477,8045 Heffernan Junction,1728,Compartida,Hostal
1478,958 Mallard Way,03,Compartida,Hostal
1479,14 Raven Pass,09,Compartida,Hostal
1480,41 Morning Avenue,661,Compartida,Hostal
1481,82 Mitchell Lane,51102,Compartida,Hostal
1482,985 Prairieview Parkway,1604,Compartida,Hostal
1483,3 Dakota Avenue,13991,Compartida,Hostal
1484,08 Laurel Street,594,Compartida,Hostal
1485,96346 Bunker Hill Hill,91350,Compartida,Hostal
1486,4753 Becker Place,2883,Compartida,Hostal
1487,170 Mandrake Hill,68296,Compartida,Hostal
1488,1770 Coolidge Terrace,2632,Compartida,Hostal
1489,90759 Carpenter Hill,1,Compartida,Hostal
1490,977 Annamark Junction,1515,Compartida,Hostal
1491,4006 Chinook Street,51568,Compartida,Hostal
1492,7973 Bluestem Court,680,Compartida,Hostal
1493,29 Bowman Plaza,61,Compartida,Hostal
1494,496 Warrior Drive,9,Compartida,Hostal
1495,63 Jay Crossing,93,Compartida,Hostal
1496,79 Thackeray Hill,3543,Compartida,Hostal
1497,753 Eggendart Circle,7669,Compartida,Hostal
1498,4413 Judy Pass,49,Compartida,Hostal
1499,195 Bayside Trail,5,Compartida,Hostal
1500,4916 Mockingbird Road,1,Compartida,Hostal
1501,4 Independence Way,4,Compartida,Hostal
1502,52271 Beilfuss Place,68,Compartida,Hostal
1503,5444 Jackson Trail,49,Compartida,Hostal
1504,7438 Clove Lane,96871,Compartida,Hostal
1505,0 Meadow Ridge Terrace,3859,Compartida,Hostal
1506,01028 Hanson Drive,591,Compartida,Hostal
1507,189 Blackbird Way,1,Compartida,Hostal
1508,1504 Jana Point,78925,Compartida,Hostal
1509,18816 Butterfield Road,27,Compartida,Hostal
1510,72973 Mcguire Circle,358,Compartida,Hostal
1511,70792 South Point,0233,Compartida,Hostal
1512,2074 Acker Terrace,1,Compartida,Hostal
1513,332 Kropf Court,39459,Compartida,Hostal
1514,3158 Onsgard Road,463,Compartida,Hostal
1515,2944 Rieder Alley,727,Compartida,Hostal
1516,4 Twin Pines Hill,50,Compartida,Hostal
1517,21 Independence Court,8847,Compartida,Hostal
1518,74 Bunker Hill Alley,83949,Compartida,Hostal
1519,3 Melvin Center,661,Compartida,Hostal
1520,832 Arkansas Alley,875,Compartida,Hostal
1521,76785 Corry Alley,66,Compartida,Hostal
1522,77 Calypso Street,131,Compartida,Hostal
1523,304 Upham Center,0,Compartida,Hostal
1524,8837 Erie Place,90,Compartida,Hostal
1525,72043 Ridge Oak Point,41873,Compartida,Hostal
1526,4904 Alpine Hill,829,Compartida,Hostal
1527,933 Corscot Road,053,Compartida,Hostal
1528,13 Village Green Center,1302,Compartida,Hostal
1529,4374 Evergreen Parkway,5305,Compartida,Hostal
1530,94 Bowman Hill,5,Compartida,Hostal
1531,13 Schurz Park,79,Compartida,Hostal
1532,83020 Heffernan Hill,37,Compartida,Hostal
1533,3 New Castle Point,6687,Compartida,Hostal
1534,5 Troy Hill,4,Compartida,Hostal
1535,8455 Dryden Plaza,548,Compartida,Hostal
1536,8 Hollow Ridge Lane,11,Compartida,Hostal
1537,09221 Golden Leaf Trail,3080,Compartida,Hostal
1538,46686 Crescent Oaks Trail,658,Compartida,Hostal
1539,35 Hazelcrest Junction,38,Compartida,Hostal
1540,8 Waubesa Center,702,Compartida,Hostal
1541,06 Brickson Park Trail,6,Compartida,Hostal
1542,2579 Vermont Circle,16193,Compartida,Hostal
1543,31941 Superior Circle,3,Compartida,Hostal
1544,9167 Talisman Center,979,Compartida,Hostal
1545,0033 David Terrace,9,Compartida,Hostal
1546,9910 Mallard Junction,93,Compartida,Hostal
1547,25 Shasta Point,40,Compartida,Hostal
1548,24 Lakewood Drive,705,Compartida,Hostal
1549,4984 Summit Park,06966,Compartida,Hostal
1550,62118 Nobel Place,52,Compartida,Hostal
1551,541 Novick Park,0527,Compartida,Hostal
1552,70 Barby Plaza,86,Compartida,Hostal
1553,52980 Cody Parkway,240,Compartida,Hostal
1554,97 Westridge Terrace,5440,Compartida,Hostal
1555,9 Katie Circle,77835,Compartida,Hostal
1556,750 Crownhardt Road,52,Compartida,Hostal
1557,3207 Dennis Circle,8755,Compartida,Hostal
1558,33105 Surrey Terrace,564,Compartida,Hostal
1559,69 Talmadge Pass,6381,Compartida,Hostal
1560,44377 Iowa Center,7260,Compartida,Hostal
1561,92 Rigney Drive,63,Compartida,Hostal
1562,1479 Laurel Avenue,40,Compartida,Hostal
1563,4 Harper Alley,24,Compartida,Hostal
1564,924 International Center,1,Compartida,Hostal
1565,07098 Manitowish Crossing,52041,Compartida,Hostal
1566,1 Independence Place,543,Compartida,Hostal
1567,67816 Valley Edge Plaza,176,Compartida,Hostal
1568,6999 Acker Court,23728,Compartida,Hostal
1569,04 Bayside Parkway,7416,Compartida,Hostal
1570,780 Pierstorff Terrace,464,Compartida,Hostal
1571,72 Memorial Lane,15915,Compartida,Hostal
1572,4 Merry Drive,62,Compartida,Hostal
1573,8 Knutson Junction,657,Compartida,Hostal
1574,86 Jenifer Junction,2345,Compartida,Hostal
1575,01 Stone Corner Drive,73627,Compartida,Hostal
1576,00614 Bartillon Drive,9,Compartida,Hostal
1577,40550 Manley Crossing,197,Compartida,Hostal
1578,9 Continental Drive,692,Compartida,Hostal
1579,02 Cottonwood Terrace,330,Compartida,Hostal
1580,6 Veith Avenue,77012,Compartida,Hostal
1581,187 Westport Avenue,112,Compartida,Hostal
1582,94 Shasta Drive,67,Compartida,Hostal
1583,0752 Montana Point,4771,Compartida,Hostal
1584,33287 Bartillon Lane,061,Compartida,Hostal
1585,2 Northwestern Park,54,Compartida,Hostal
1586,28943 Anniversary Lane,9,Compartida,Hostal
1587,42239 Sheridan Hill,379,Compartida,Hostal
1588,631 Portage Terrace,2035,Compartida,Hostal
1589,25834 Helena Court,73919,Compartida,Hostal
1590,12 Ohio Way,6,Compartida,Hostal
1591,3629 Michigan Drive,586,Compartida,Hostal
1592,0 Moland Junction,779,Compartida,Hostal
1593,333 Twin Pines Alley,8452,Compartida,Hostal
1594,36667 Columbus Plaza,46,Compartida,Hostal
1595,5 Cottonwood Place,49,Compartida,Hostal
1596,6507 Bluejay Street,24,Compartida,Hostal
1597,32637 Sherman Terrace,63475,Compartida,Hostal
1598,56255 Dwight Hill,87,Compartida,Hostal
1599,63 Mallard Plaza,66073,Compartida,Hostal
1600,962 Delladonna Terrace,7308,Compartida,Hostal
1601,5470 Mallory Crossing,0,Compartida,Hostal
1602,510 Norway Maple Lane,20795,Compartida,Hostal
1603,896 Westerfield Alley,80,Compartida,Hostal
1604,8 Superior Place,77968,Compartida,Hostal
1605,8 Tennyson Lane,7,Compartida,Hostal
1606,9967 Sutherland Alley,3803,Compartida,Hostal
1607,37 Corben Crossing,65,Compartida,Hostal
1608,198 Warrior Place,4,Compartida,Hostal
1609,33 Kensington Junction,13,Compartida,Hostal
1610,3 Artisan Lane,85675,Compartida,Hostal
1611,0 Hermina Plaza,9705,Compartida,Hostal
1612,501 Crownhardt Crossing,21442,Compartida,Hostal
1613,432 Crowley Road,765,Compartida,Hostal
1614,05807 Muir Plaza,6,Compartida,Hostal
1615,3980 Pearson Pass,71878,Compartida,Hostal
1616,53 Cardinal Crossing,75,Compartida,Hostal
1617,58392 Valley Edge Circle,5,Compartida,Hostal
1618,6112 Starling Terrace,73,Compartida,Hostal
1619,141 Luster Parkway,733,Compartida,Hostal
1620,011 Arizona Way,6833,Compartida,Hostal
1621,3223 Anhalt Alley,30,Compartida,Hostal
1622,2 Warbler Pass,0,Compartida,Hostal
1623,29 Doe Crossing Court,98672,Compartida,Hostal
1624,6 Prairie Rose Way,25268,Compartida,Hostal
1625,196 Old Shore Center,240,Compartida,Hostal
1626,4 Northwestern Road,0852,Compartida,Hostal
1627,155 Maywood Terrace,931,Compartida,Hostal
1628,2841 Karstens Court,415,Compartida,Hostal
1629,6911 American Ash Alley,7241,Compartida,Hostal
1630,6 Calypso Lane,9490,Compartida,Hostal
1631,98559 Amoth Terrace,77511,Compartida,Hostal
1632,97 Village Junction,9,Compartida,Hostal
1633,604 Columbus Junction,7,Compartida,Hostal
1634,304 North Drive,33331,Compartida,Hostal
1635,8907 Elmside Alley,594,Compartida,Hostal
1636,415 Cottonwood Circle,17539,Compartida,Hostal
1637,50724 Scoville Lane,3,Compartida,Hostal
1638,93657 Morning Junction,7,Compartida,Hostal
1639,78740 Fulton Circle,43,Compartida,Hostal
1640,2 Fulton Plaza,0807,Compartida,Hostal
1641,6 Arapahoe Road,684,Compartida,Hostal
1642,47 Sutherland Park,2092,Compartida,Hostal
1643,66445 Pawling Pass,685,Compartida,Hostal
1644,93982 Butterfield Way,294,Compartida,Hostal
1645,9 Lyons Point,62,Compartida,Hostal
1646,208 Graceland Park,3,Compartida,Hostal
1647,72166 Toban Trail,431,Compartida,Hostal
1648,21677 Katie Crossing,8626,Compartida,Hostal
1649,78 Maywood Road,3964,Compartida,Hostal
1650,6826 Rusk Center,1210,Compartida,Hostal
1651,4592 Leroy Park,33,Compartida,Hostal
1652,0887 Rusk Hill,9,Compartida,Hostal
1653,373 Sheridan Pass,6,Compartida,Hostal
1654,06 Stang Place,98,Compartida,Hostal
1655,25969 Sundown Pass,9,Compartida,Hostal
1656,425 Ludington Place,65,Compartida,Hostal
1657,63413 Sherman Plaza,96,Compartida,Hostal
1658,8 Kedzie Parkway,52,Compartida,Hostal
1659,63080 Esch Trail,662,Compartida,Hostal
1660,9 Sunnyside Park,9,Compartida,Hostal
1661,00078 Delladonna Hill,788,Compartida,Hostal
1662,2462 Anthes Hill,0,Compartida,Hostal
1663,441 Judy Way,1574,Compartida,Hostal
1664,10090 Crest Line Center,7,Compartida,Hostal
1665,0220 Morrow Junction,5556,Compartida,Hostal
1666,9436 Delaware Center,46,Compartida,Hostal
1667,2864 Kennedy Point,77512,Compartida,Hostal
1668,1 Northland Street,006,Compartida,Hostal
1669,07585 3rd Drive,2612,Compartida,Hostal
1670,0 Sugar Hill,7,Compartida,Hostal
1671,771 Goodland Trail,74513,Compartida,Hostal
1672,70067 Steensland Park,9759,Compartida,Hostal
1673,39 Transport Court,4,Compartida,Hostal
1674,21149 Mayer Street,2,Compartida,Hostal
1675,8 Harbort Road,976,Compartida,Hostal
1676,85254 Melvin Street,26,Compartida,Hostal
1677,7328 Acker Center,938,Compartida,Hostal
1678,6404 Rigney Trail,822,Compartida,Hostal
1679,6 Melrose Street,9,Compartida,Hostal
1680,9682 Washington Avenue,048,Compartida,Hostal
1681,6 Canary Plaza,26,Compartida,Hostal
1682,854 David Road,42272,Compartida,Hostal
1683,997 Mosinee Pass,88,Compartida,Hostal
1684,243 Iowa Avenue,197,Compartida,Hostal
1685,62 Montana Crossing,6,Compartida,Hostal
1686,59 Bluejay Drive,08,Compartida,Hostal
1687,31 Lukken Parkway,2690,Compartida,Hostal
1688,92 Pleasure Alley,8,Compartida,Hostal
1689,903 Hagan Terrace,5,Compartida,Hostal
1690,2208 Bartillon Terrace,12,Compartida,Hostal
1691,81 Shopko Alley,79,Compartida,Hostal
1692,053 Katie Terrace,0892,Compartida,Hostal
1693,60 Veith Point,26,Compartida,Hostal
1694,347 Grayhawk Road,6502,Compartida,Hostal
1695,82 Badeau Pass,28,Compartida,Hostal
1696,3 Lotheville Parkway,9,Compartida,Hostal
1697,59 Reinke Court,7893,Compartida,Hostal
1698,1 Cambridge Alley,7449,Compartida,Hostal
1699,916 Mifflin Parkway,350,Compartida,Hostal
1700,12 Bartillon Avenue,09677,Compartida,Hostal
1701,7 Monument Terrace,980,Compartida,Hostal
1702,4 Killdeer Way,82833,Compartida,Hostal
1703,5325 Red Cloud Circle,71185,Compartida,Hostal
1704,0 Dennis Parkway,6103,Compartida,Hostal
1705,79 Washington Terrace,89,Compartida,Hostal
1706,023 Browning Pass,62200,Compartida,Hostal
1707,6 Summer Ridge Point,30,Compartida,Hostal
1708,7264 Chinook Point,8679,Compartida,Hostal
1709,49994 Lukken Place,514,Compartida,Hostal
1710,8626 Mockingbird Drive,5838,Compartida,Hostal
1711,1 Sunbrook Circle,33963,Compartida,Hostal
1712,74 Old Shore Plaza,1086,Compartida,Hostal
1713,3 Fisk Street,62242,Compartida,Hostal
1714,12 Roxbury Street,24,Compartida,Hostal
1715,57 Darwin Way,0267,Compartida,Hostal
1716,6691 Mesta Avenue,8,Compartida,Hostal
1717,2959 Laurel Street,68,Compartida,Hostal
1718,7 Randy Court,1,Compartida,Hostal
1719,541 Delladonna Way,52606,Compartida,Hostal
1720,02 Dawn Alley,679,Compartida,Hostal
1721,074 Columbus Center,54257,Compartida,Hostal
1722,416 Golf View Hill,9438,Compartida,Hostal
1723,53660 Anderson Junction,94,Compartida,Hostal
1724,132 Golf Hill,537,Compartida,Hostal
1725,4 Brown Avenue,1143,Compartida,Hostal
1726,1 Magdeline Point,36,Compartida,Hostal
1727,63677 Eastlawn Road,2464,Compartida,Hostal
1728,078 Pawling Terrace,3,Compartida,Hostal
1729,1 Schurz Center,11,Compartida,Hostal
1730,05 Dennis Lane,71702,Compartida,Hostal
1731,40240 Lotheville Trail,866,Compartida,Hostal
1732,34 Pennsylvania Pass,7,Compartida,Hostal
1733,05443 Sage Parkway,305,Compartida,Hostal
1734,3966 Sutherland Hill,894,Compartida,Hostal
1735,0711 Memorial Way,55,Compartida,Hostal
1736,70784 Myrtle Trail,1918,Compartida,Hostal
1737,6226 Continental Point,715,Compartida,Hostal
1738,29779 Anniversary Road,0855,Compartida,Hostal
1739,91 Farwell Circle,30222,Compartida,Hostal
1740,7322 Loomis Point,6,Compartida,Hostal
1741,48939 Shasta Alley,1,Compartida,Hostal
1742,3 Crownhardt Point,87417,Compartida,Hostal
1743,82387 Talmadge Plaza,42,Compartida,Hostal
1744,9 Carpenter Parkway,54930,Compartida,Hostal
1745,55740 Sunnyside Trail,4501,Compartida,Hostal
1746,6861 Bowman Road,8114,Compartida,Hostal
1747,8421 Dovetail Trail,14,Compartida,Hostal
1748,79854 Evergreen Center,50,Compartida,Hostal
1749,42460 Bartillon Junction,034,Compartida,Hostal
1750,3 Nobel Street,06,Compartida,Hostal
1751,18 Ilene Point,684,Compartida,Hostal
1752,5635 Pankratz Trail,67,Compartida,Hostal
1753,17 Northland Lane,03440,Compartida,Hostal
1754,09029 Gerald Circle,123,Compartida,Hostal
1755,47 Ruskin Circle,45,Compartida,Hostal
1756,807 7th Circle,86939,Compartida,Hostal
1757,6 Dayton Hill,29776,Compartida,Hostal
1758,14182 Hagan Circle,45384,Compartida,Hostal
1759,742 Kipling Road,7583,Compartida,Hostal
1760,333 Clarendon Parkway,4189,Compartida,Hostal
